"Pedigree","Env","Intercept","Pedigree_Fixed_Effect","Env_BLUP","GxE_BLUP","Predicted_BLUP","Species","Spec"
"BGV004584","Antalya",2.54945048578384,2.54945048578384,0.138301725037179,0.0531258208285884,2.74087803164961,"cerasiforme","SLC"
"BGV004584","Florida",2.54945048578384,2.54945048578384,-0.158169742006974,-0.153869903267625,2.23741084050924,"cerasiforme","SLC"
"BGV004584","Georgia",2.54945048578384,2.54945048578384,-0.0538083811384576,0.0316152717119087,2.52725737635729,"cerasiforme","SLC"
"BGV004584","Valencia",2.54945048578384,2.54945048578384,0.0736763981025623,0.0691288107286461,2.69225569461505,"cerasiforme","SLC"
"BGV005895","Antalya",2.54945048578384,2.11171717715181,0.138301725037179,-0.0540629386431614,2.19595596354583,"cerasiforme","SLC"
"BGV005895","Florida",2.54945048578384,2.11171717715181,-0.158169742006974,0.00765372779930906,1.96120116294415,"cerasiforme","SLC"
"BGV005895","Georgia",2.54945048578384,2.11171717715181,-0.0538083811384576,0.0284942194405753,2.08640301545393,"cerasiforme","SLC"
"BGV005895","Valencia",2.54945048578384,2.11171717715181,0.0736763981025623,0.0179149914032751,2.20330856665765,"cerasiforme","SLC"
"BGV005912","Antalya",2.54945048578384,2.70759743632049,0.138301725037179,0.0212374406512588,2.86713660200893,"cerasiforme","SLC"
"BGV005912","Florida",2.54945048578384,2.70759743632049,-0.158169742006974,-0.0543577576531892,2.49506993666033,"cerasiforme","SLC"
"BGV005912","Georgia",2.54945048578384,2.70759743632049,-0.0538083811384576,-0.0066615811189891,2.64712747406304,"cerasiforme","SLC"
"BGV005912","Valencia",2.54945048578384,2.70759743632049,0.0736763981025623,0.039781898120917,2.82105573254397,"cerasiforme","SLC"
"BGV006148","Antalya",2.54945048578384,2.07670198319187,0.138301725037179,0.003906064464149,2.2189097726932,"cerasiforme","SLC"
"BGV006148","Florida",2.54945048578384,2.07670198319187,-0.158169742006974,-0.103998015584314,1.81453422560058,"cerasiforme","SLC"
"BGV006148","Georgia",2.54945048578384,2.07670198319187,-0.0538083811384576,0.0725728595838421,2.09546646163726,"cerasiforme","SLC"
"BGV006148","Valencia",2.54945048578384,2.07670198319187,0.0736763981025623,0.0275190915363221,2.17789747283076,"cerasiforme","SLC"
"BGV006175","Antalya",2.54945048578384,3.16630528081165,0.138301725037179,0.105617133204975,3.41022413905381,"cerasiforme","SLC"
"BGV006175","Florida",2.54945048578384,3.16630528081165,-0.158169742006974,-0.183364149828513,2.82477138897617,"cerasiforme","SLC"
"BGV006175","Georgia",2.54945048578384,3.16630528081165,-0.0538083811384576,0.0777470166235367,3.19024391629673,"cerasiforme","SLC"
"BGV006208","Florida",2.54945048578384,0.862845118780029,-0.158169742006974,-0.0425770083523113,0.662098368420743,"pimpinellipolium","SP"
"BGV006208","Georgia",2.54945048578384,0.862845118780029,-0.0538083811384576,0.0425770083523115,0.851613745993883,"pimpinellipolium","SP"
"BGV006225","Antalya",2.54945048578384,2.3239267715078,0.138301725037179,-0.00810797982624916,2.45412051671872,"cerasiforme","SLC"
"BGV006225","Florida",2.54945048578384,2.3239267715078,-0.158169742006974,-0.012200118050094,2.15355691145073,"cerasiforme","SLC"
"BGV006225","Georgia",2.54945048578384,2.3239267715078,-0.0538083811384576,-0.0160035468459077,2.25411484352343,"cerasiforme","SLC"
"BGV006225","Valencia",2.54945048578384,2.3239267715078,0.0736763981025623,0.0363116447222465,2.4339148143326,"cerasiforme","SLC"
"BGV006229","Antalya",2.54945048578384,2.39925611557762,0.138301725037179,-0.00923370096467299,2.52832413965013,"cerasiforme","SLC"
"BGV006229","Florida",2.54945048578384,2.39925611557762,-0.158169742006974,-0.0955955383712632,2.14549083519939,"cerasiforme","SLC"
"BGV006229","Georgia",2.54945048578384,2.39925611557762,-0.0538083811384576,0.00282349405628913,2.34827122849545,"cerasiforme","SLC"
"BGV006229","Valencia",2.54945048578384,2.39925611557762,0.0736763981025623,0.102005745279645,2.57493825895983,"cerasiforme","SLC"
"BGV006230","Antalya",2.54945048578384,1.78220219329305,0.138301725037179,0.0110190614885152,1.93152297981874,"cerasiforme","SLC"
"BGV006230","Florida",2.54945048578384,1.78220219329305,-0.158169742006974,-0.0197135078523313,1.60431894343374,"cerasiforme","SLC"
"BGV006230","Georgia",2.54945048578384,1.78220219329305,-0.0538083811384576,-0.0916070547551957,1.6367867573994,"cerasiforme","SLC"
"BGV006230","Valencia",2.54945048578384,1.78220219329305,0.0736763981025623,0.100301501119007,1.95618009251462,"cerasiforme","SLC"
"BGV006231","Antalya",2.54945048578384,2.27263368627317,0.138301725037179,-0.0606944514025797,2.35024095990777,"cerasiforme","SLC"
"BGV006231","Florida",2.54945048578384,2.27263368627317,-0.158169742006974,0.0593153434799734,2.17377928774617,"cerasiforme","SLC"
"BGV006231","Georgia",2.54945048578384,2.27263368627317,-0.0538083811384576,0.00693987103177504,2.22576517616649,"cerasiforme","SLC"
"BGV006231","Valencia",2.54945048578384,2.27263368627317,0.0736763981025623,-0.00556076310916831,2.34074932126656,"cerasiforme","SLC"
"BGV006232","Antalya",2.54945048578384,2.29607725101966,0.138301725037179,-0.0173460579029792,2.41703291815386,"cerasiforme","SLC"
"BGV006232","Florida",2.54945048578384,2.29607725101966,-0.158169742006974,-0.0219458072859683,2.11596170172671,"cerasiforme","SLC"
"BGV006232","Georgia",2.54945048578384,2.29607725101966,-0.0538083811384576,0.0499491533187896,2.29221802319999,"cerasiforme","SLC"
"BGV006232","Valencia",2.54945048578384,2.29607725101966,0.0736763981025623,-0.0106572881298453,2.35909636099237,"cerasiforme","SLC"
"BGV006234","Antalya",2.54945048578384,2.43389306433018,0.138301725037179,-0.00960379064360459,2.56259099872376,"cerasiforme","SLC"
"BGV006234","Florida",2.54945048578384,2.43389306433018,-0.158169742006974,-0.0205362244700692,2.25518709785314,"cerasiforme","SLC"
"BGV006234","Georgia",2.54945048578384,2.43389306433018,-0.0538083811384576,0.0592268656397442,2.43931154883147,"cerasiforme","SLC"
"BGV006234","Valencia",2.54945048578384,2.43389306433018,0.0736763981025623,-0.0290868505260725,2.47848261190667,"cerasiforme","SLC"
"BGV006235","Antalya",2.54945048578384,2.40188914340476,0.138301725037179,-0.181479278146462,2.35871159029548,"cerasiforme","SLC"
"BGV006235","Florida",2.54945048578384,2.40188914340476,-0.158169742006974,0.058907687520072,2.30262708891786,"cerasiforme","SLC"
"BGV006235","Georgia",2.54945048578384,2.40188914340476,-0.0538083811384576,0.107988081202135,2.45606884346844,"cerasiforme","SLC"
"BGV006235","Valencia",2.54945048578384,2.40188914340476,0.0736763981025623,0.0145835094242529,2.49014905093157,"cerasiforme","SLC"
"BGV006327","Antalya",2.54945048578384,1.29155199453451,0.138301725037179,0.607912759019929,2.03776647859162,"pimpinellipolium","SP"
"BGV006327","Florida",2.54945048578384,1.29155199453451,-0.158169742006974,-0.210628466418481,0.922753786109054,"pimpinellipolium","SP"
"BGV006327","Georgia",2.54945048578384,1.29155199453451,-0.0538083811384576,-0.172473903637808,1.06526970975824,"pimpinellipolium","SP"
"BGV006327","Valencia",2.54945048578384,1.29155199453451,0.0736763981025623,-0.224810388963641,1.14041800367343,"pimpinellipolium","SP"
"BGV006336","Antalya",2.54945048578384,0.656995400705021,0.138301725037179,-0.0567776933281885,0.738519432414011,"pimpinellipolium","SP"
"BGV006336","Florida",2.54945048578384,0.656995400705021,-0.158169742006974,-0.0186204857285065,0.48020517296954,"pimpinellipolium","SP"
"BGV006336","Georgia",2.54945048578384,0.656995400705021,-0.0538083811384576,0.0753981790566935,0.678585198623257,"pimpinellipolium","SP"
"BGV006347","Florida",2.54945048578384,0.732634057668753,-0.158169742006974,-0.0538640582021822,0.520600257459597,"pimpinellipolium","SP"
"BGV006347","Georgia",2.54945048578384,0.732634057668753,-0.0538083811384576,0.0538640582021803,0.732689734732476,"pimpinellipolium","SP"
"BGV006353","Antalya",2.54945048578384,1.0460594215095,0.138301725037179,-0.120280575937555,1.06408057060913,"pimpinellipolium","SP"
"BGV006353","Florida",2.54945048578384,1.0460594215095,-0.158169742006974,-0.144196493151841,0.743693186350688,"pimpinellipolium","SP"
"BGV006353","Georgia",2.54945048578384,1.0460594215095,-0.0538083811384576,0.429614264851006,1.42186530522205,"pimpinellipolium","SP"
"BGV006353","Valencia",2.54945048578384,1.0460594215095,0.0736763981025623,-0.165137195761614,0.954598623850452,"pimpinellipolium","SP"
"BGV006363","Antalya",2.54945048578384,1.03080437636515,0.138301725037179,-0.0243135873449774,1.14479251405735,"pimpinellipolium","SP"
"BGV006363","Georgia",2.54945048578384,1.03080437636515,-0.0538083811384576,-0.0145615619737607,0.962434433252931,"pimpinellipolium","SP"
"BGV006363","Valencia",2.54945048578384,1.03080437636515,0.0736763981025623,0.0388751493187379,1.14335592378645,"pimpinellipolium","SP"
"BGV006370","Antalya",2.54945048578384,0.851723714814239,0.138301725037179,-0.0482305950421168,0.941794844809301,"pimpinellipolium","SP"
"BGV006370","Florida",2.54945048578384,0.851723714814239,-0.158169742006974,0.048796581977508,0.742350554784773,"pimpinellipolium","SP"
"BGV006370","Georgia",2.54945048578384,0.851723714814239,-0.0538083811384576,0.0652165252878203,0.863131858963601,"pimpinellipolium","SP"
"BGV006370","Valencia",2.54945048578384,0.851723714814239,0.0736763981025623,-0.0657825122232123,0.859617600693589,"pimpinellipolium","SP"
"BGV006454","Antalya",2.54945048578384,0.912711551432856,0.138301725037179,-0.0627830328660147,0.988230243604021,"pimpinellipolium","SP"
"BGV006454","Florida",2.54945048578384,0.912711551432856,-0.158169742006974,0.0148821126025269,0.769423922028409,"pimpinellipolium","SP"
"BGV006454","Georgia",2.54945048578384,0.912711551432856,-0.0538083811384576,0.0493193120748044,0.908222482369203,"pimpinellipolium","SP"
"BGV006454","Valencia",2.54945048578384,0.912711551432856,0.0736763981025623,-0.00141839181131938,0.984969557724099,"pimpinellipolium","SP"
"BGV006457","Antalya",2.54945048578384,0.861595082742074,0.138301725037179,0.0302212803577011,1.03011808813695,"pimpinellipolium","SP"
"BGV006457","Florida",2.54945048578384,0.861595082742074,-0.158169742006974,-0.0179230861619291,0.685502254573171,"pimpinellipolium","SP"
"BGV006457","Georgia",2.54945048578384,0.861595082742074,-0.0538083811384576,0.0842317428602453,0.892018444463862,"pimpinellipolium","SP"
"BGV006457","Valencia",2.54945048578384,0.861595082742074,0.0736763981025623,-0.0965299370560185,0.838741543788618,"pimpinellipolium","SP"
"BGV006478","Antalya",2.54945048578384,0.758006131458154,0.138301725037179,-0.0566540695154303,0.839653786979903,"pimpinellipolium","SP"
"BGV006478","Florida",2.54945048578384,0.758006131458154,-0.158169742006974,0.0114570434064367,0.611293432857617,"pimpinellipolium","SP"
"BGV006478","Georgia",2.54945048578384,0.758006131458154,-0.0538083811384576,0.0451970261089929,0.74939477642869,"pimpinellipolium","SP"
"BGV006753","Antalya",2.54945048578384,1.88799811169708,0.138301725037179,0.127788123834053,2.15408796056831,"cerasiforme","SLC"
"BGV006753","Florida",2.54945048578384,1.88799811169708,-0.158169742006974,0.203907434928529,1.93373580461863,"cerasiforme","SLC"
"BGV006753","Georgia",2.54945048578384,1.88799811169708,-0.0538083811384576,-0.209980235960239,1.62420949459838,"cerasiforme","SLC"
"BGV006753","Valencia",2.54945048578384,1.88799811169708,0.0736763981025623,-0.121715322802345,1.8399591869973,"cerasiforme","SLC"
"BGV006767","Antalya",2.54945048578384,1.8316504381829,0.138301725037179,0.0258456251525285,1.99579778837261,"cerasiforme","SLC"
"BGV006767","Florida",2.54945048578384,1.8316504381829,-0.158169742006974,0.0754781862046378,1.74895888238057,"cerasiforme","SLC"
"BGV006767","Georgia",2.54945048578384,1.8316504381829,-0.0538083811384576,0.0794955308487146,1.85733758789316,"cerasiforme","SLC"
"BGV006767","Valencia",2.54945048578384,1.8316504381829,0.0736763981025623,-0.180819342205883,1.72450749407958,"cerasiforme","SLC"
"BGV006768","Antalya",2.54945048578384,2.8913468880233,0.138301725037179,-0.00166188557139593,3.02798672748909,"cerasiforme","SLC"
"BGV006768","Florida",2.54945048578384,2.8913468880233,-0.158169742006974,0.00140870166871089,2.73458584768504,"cerasiforme","SLC"
"BGV006768","Georgia",2.54945048578384,2.8913468880233,-0.0538083811384576,-0.0365509936577641,2.80098751322708,"cerasiforme","SLC"
"BGV006768","Valencia",2.54945048578384,2.8913468880233,0.0736763981025623,0.0368041775604473,3.00182746368631,"cerasiforme","SLC"
"BGV006775","Antalya",2.54945048578384,1.15719694723828,0.138301725037179,0.0105500631616819,1.30604873543714,"pimpinellipolium","SP"
"BGV006775","Florida",2.54945048578384,1.15719694723828,-0.158169742006974,-0.030485852195649,0.968541353035655,"pimpinellipolium","SP"
"BGV006775","Georgia",2.54945048578384,1.15719694723828,-0.0538083811384576,0.0372341729167421,1.14062273901656,"pimpinellipolium","SP"
"BGV006775","Valencia",2.54945048578384,1.15719694723828,0.0736763981025623,-0.0172983838827755,1.21357496145806,"pimpinellipolium","SP"
"BGV006777","Antalya",2.54945048578384,2.25766718836855,0.138301725037179,0.0307635954222149,2.42673250882794,"cerasiforme","SLC"
"BGV006777","Florida",2.54945048578384,2.25766718836855,-0.158169742006974,0.0685859421698213,2.1680833885314,"cerasiforme","SLC"
"BGV006777","Georgia",2.54945048578384,2.25766718836855,-0.0538083811384576,0.120420956769642,2.32427976399973,"cerasiforme","SLC"
"BGV006777","Valencia",2.54945048578384,2.25766718836855,0.0736763981025623,-0.219770494361679,2.11157309210943,"cerasiforme","SLC"
"BGV006779","Antalya",2.54945048578384,2.74866846739185,0.138301725037179,-0.11708210423084,2.76988808819819,"cerasiforme","SLC"
"BGV006779","Florida",2.54945048578384,2.74866846739185,-0.158169742006974,0.0412205124159265,2.63171923780081,"cerasiforme","SLC"
"BGV006779","Georgia",2.54945048578384,2.74866846739185,-0.0538083811384576,-0.0150704256162835,2.67978966063711,"cerasiforme","SLC"
"BGV006779","Valencia",2.54945048578384,2.74866846739185,0.0736763981025623,0.0909320174311967,2.91327688292561,"cerasiforme","SLC"
"BGV006792","Antalya",2.54945048578384,2.86287530103293,0.138301725037179,-0.0611385953974389,2.94003843067267,"cerasiforme","SLC"
"BGV006792","Florida",2.54945048578384,2.86287530103293,-0.158169742006974,-0.00181612056103908,2.70288943846492,"cerasiforme","SLC"
"BGV006792","Georgia",2.54945048578384,2.86287530103293,-0.0538083811384576,0.0109032845142228,2.81997020440869,"cerasiforme","SLC"
"BGV006792","Valencia",2.54945048578384,2.86287530103293,0.0736763981025623,0.0520514314442538,2.98860313057975,"cerasiforme","SLC"
"BGV006806","Antalya",2.54945048578384,2.06648919762533,0.138301725037179,0.00891821570975606,2.21370913837226,"cerasiforme","SLC"
"BGV006806","Florida",2.54945048578384,2.06648919762533,-0.158169742006974,-0.0280536800773092,1.88026577554105,"cerasiforme","SLC"
"BGV006806","Georgia",2.54945048578384,2.06648919762533,-0.0538083811384576,-0.0477964295239063,1.96488438696297,"cerasiforme","SLC"
"BGV006806","Valencia",2.54945048578384,2.06648919762533,0.0736763981025623,0.066931893891458,2.20709748961935,"cerasiforme","SLC"
"BGV006825","Antalya",2.54945048578384,3.27867030286549,0.138301725037179,-0.100966884231163,3.3160051436715,"cerasiforme","SLC"
"BGV006825","Florida",2.54945048578384,3.27867030286549,-0.158169742006974,0.0560167577486855,3.1765173186072,"cerasiforme","SLC"
"BGV006825","Georgia",2.54945048578384,3.27867030286549,-0.0538083811384576,-0.0183113337908309,3.2065505879362,"cerasiforme","SLC"
"BGV006825","Valencia",2.54945048578384,3.27867030286549,0.0736763981025623,0.0632614602733017,3.41560816124135,"cerasiforme","SLC"
"BGV006828","Antalya",2.54945048578384,2.85001600286253,0.138301725037179,-0.0479566707718708,2.94036105712783,"cerasiforme","SLC"
"BGV006828","Florida",2.54945048578384,2.85001600286253,-0.158169742006974,0.0631613104318692,2.75500757128742,"cerasiforme","SLC"
"BGV006828","Georgia",2.54945048578384,2.85001600286253,-0.0538083811384576,0.025878911543732,2.8220865332678,"cerasiforme","SLC"
"BGV006828","Valencia",2.54945048578384,2.85001600286253,0.0736763981025623,-0.0410835512037306,2.88260884976136,"cerasiforme","SLC"
"BGV006852","Antalya",2.54945048578384,3.40669195409723,0.138301725037179,0.0357929253594207,3.58078660449383,"cerasiforme","SLC"
"BGV006852","Florida",2.54945048578384,3.40669195409723,-0.158169742006974,-0.0757659441635224,3.17275626792673,"cerasiforme","SLC"
"BGV006852","Georgia",2.54945048578384,3.40669195409723,-0.0538083811384576,-0.0495183642690713,3.3033652086897,"cerasiforme","SLC"
"BGV006852","Valencia",2.54945048578384,3.40669195409723,0.0736763981025623,0.089491383073172,3.56985973527296,"cerasiforme","SLC"
"BGV006859","Antalya",2.54945048578384,1.79826703780778,0.138301725037179,0.00264537557036474,1.93921413841533,"cerasiforme","SLC"
"BGV006859","Florida",2.54945048578384,1.79826703780778,-0.158169742006974,-0.0553985627832574,1.58469873301755,"cerasiforme","SLC"
"BGV006859","Georgia",2.54945048578384,1.79826703780778,-0.0538083811384576,-0.00829408891265888,1.73616456775667,"cerasiforme","SLC"
"BGV006859","Valencia",2.54945048578384,1.79826703780778,0.0736763981025623,0.061047276125546,1.93299071203589,"cerasiforme","SLC"
"BGV006865","Antalya",2.54945048578384,1.69723236709582,0.138301725037179,-0.155952528194058,1.67958156393894,"cerasiforme","SLC"
"BGV006865","Florida",2.54945048578384,1.69723236709582,-0.158169742006974,0.0358063816575116,1.57486900674636,"cerasiforme","SLC"
"BGV006865","Georgia",2.54945048578384,1.69723236709582,-0.0538083811384576,0.0141953259183434,1.6576193118757,"cerasiforme","SLC"
"BGV006865","Valencia",2.54945048578384,1.69723236709582,0.0736763981025623,0.1059508206182,1.87685958581658,"cerasiforme","SLC"
"BGV006867","Antalya",2.54945048578384,1.93606078718616,0.138301725037179,0.100739896224939,2.17510240844828,"cerasiforme","SLC"
"BGV006867","Florida",2.54945048578384,1.93606078718616,-0.158169742006974,-0.00141207365755631,1.77647897152163,"cerasiforme","SLC"
"BGV006867","Georgia",2.54945048578384,1.93606078718616,-0.0538083811384576,-0.0397543073086357,1.84249809873907,"cerasiforme","SLC"
"BGV006867","Valencia",2.54945048578384,1.93606078718616,0.0736763981025623,-0.0595735152587491,1.95016367002997,"cerasiforme","SLC"
"BGV006881","Antalya",2.54945048578384,2.18481635490888,0.138301725037179,-0.0155818625727714,2.30753621737329,"cerasiforme","SLC"
"BGV006881","Florida",2.54945048578384,2.18481635490888,-0.158169742006974,-0.0308459671934638,1.99580064570844,"cerasiforme","SLC"
"BGV006881","Georgia",2.54945048578384,2.18481635490888,-0.0538083811384576,0.118170622890944,2.24917859666137,"cerasiforme","SLC"
"BGV006881","Valencia",2.54945048578384,2.18481635490888,0.0736763981025623,-0.0717427931247125,2.18674995988673,"cerasiforme","SLC"
"BGV006896","Antalya",2.54945048578384,1.86786225848797,0.138301725037179,-0.0569297471242985,1.94923423640086,"cerasiforme","SLC"
"BGV006896","Florida",2.54945048578384,1.86786225848797,-0.158169742006974,0.00164160975357555,1.71133412623458,"cerasiforme","SLC"
"BGV006896","Georgia",2.54945048578384,1.86786225848797,-0.0538083811384576,0.0719976614693378,1.88605153881886,"cerasiforme","SLC"
"BGV006896","Valencia",2.54945048578384,1.86786225848797,0.0736763981025623,-0.0167095240986161,1.92482913249192,"cerasiforme","SLC"
"BGV006899","Antalya",2.54945048578384,2.32552293359837,0.138301725037179,-0.0253197230074281,2.43850493562812,"cerasiforme","SLC"
"BGV006899","Florida",2.54945048578384,2.32552293359837,-0.158169742006974,-0.103399099100834,2.06395409249056,"cerasiforme","SLC"
"BGV006899","Georgia",2.54945048578384,2.32552293359837,-0.0538083811384576,0.160492499661384,2.4322070521213,"cerasiforme","SLC"
"BGV006899","Valencia",2.54945048578384,2.32552293359837,0.0736763981025623,-0.0317736775531246,2.36742565414781,"cerasiforme","SLC"
"BGV006901","Antalya",2.54945048578384,2.13112468344692,0.138301725037179,-0.0543931398993268,2.21503326858477,"cerasiforme","SLC"
"BGV006901","Florida",2.54945048578384,2.13112468344692,-0.158169742006974,-0.0380262280987335,1.93492871334121,"cerasiforme","SLC"
"BGV006901","Georgia",2.54945048578384,2.13112468344692,-0.0538083811384576,0.0431719425679718,2.12048824487643,"cerasiforme","SLC"
"BGV006901","Valencia",2.54945048578384,2.13112468344692,0.0736763981025623,0.049247425430088,2.25404850697957,"cerasiforme","SLC"
"BGV006904","Antalya",2.54945048578384,1.69269104342133,0.138301725037179,-0.0575519090975824,1.77344085936093,"cerasiforme","SLC"
"BGV006904","Florida",2.54945048578384,1.69269104342133,-0.158169742006974,-0.095589657420336,1.43893164399402,"cerasiforme","SLC"
"BGV006904","Georgia",2.54945048578384,1.69269104342133,-0.0538083811384576,0.00281304504310409,1.64169570732598,"cerasiforme","SLC"
"BGV006904","Valencia",2.54945048578384,1.69269104342133,0.0736763981025623,0.150328521474816,1.91669596299871,"cerasiforme","SLC"
"BGV006906","Antalya",2.54945048578384,2.33327028631364,0.138301725037179,-0.0227101342323165,2.4488618771185,"cerasiforme","SLC"
"BGV006906","Florida",2.54945048578384,2.33327028631364,-0.158169742006974,0.0198458121964902,2.19494635650316,"cerasiforme","SLC"
"BGV006906","Georgia",2.54945048578384,2.33327028631364,-0.0538083811384576,0.0517357240724209,2.33119762924761,"cerasiforme","SLC"
"BGV006906","Valencia",2.54945048578384,2.33327028631364,0.0736763981025623,-0.0488714020365976,2.35807528237961,"cerasiforme","SLC"
"BGV006907","Antalya",2.54945048578384,2.45892582047699,0.138301725037179,0.0594406380965575,2.65666818361073,"cerasiforme","SLC"
"BGV006907","Florida",2.54945048578384,2.45892582047699,-0.158169742006974,0.107689462229649,2.40844554069967,"cerasiforme","SLC"
"BGV006907","Georgia",2.54945048578384,2.45892582047699,-0.0538083811384576,0.0843279720591533,2.48944541139769,"cerasiforme","SLC"
"BGV006907","Valencia",2.54945048578384,2.45892582047699,0.0736763981025623,-0.25145807238536,2.2811441461942,"cerasiforme","SLC"
"BGV006910","Antalya",2.54945048578384,1.79350472406167,0.138301725037179,0.0346254689682615,1.96643191806711,"cerasiforme","SLC"
"BGV006910","Florida",2.54945048578384,1.79350472406167,-0.158169742006974,-0.0464498619893573,1.58888512006534,"cerasiforme","SLC"
"BGV006910","Georgia",2.54945048578384,1.79350472406167,-0.0538083811384576,0.0571907297700752,1.79688707269329,"cerasiforme","SLC"
"BGV006910","Valencia",2.54945048578384,1.79350472406167,0.0736763981025623,-0.04536633674898,1.82181478541526,"cerasiforme","SLC"
"BGV006927","Antalya",2.54945048578384,2.57239963467697,0.138301725037179,-0.00882529808514305,2.70187606162901,"cerasiforme","SLC"
"BGV006927","Florida",2.54945048578384,2.57239963467697,-0.158169742006974,0.0050601760715644,2.41929006874156,"cerasiforme","SLC"
"BGV006927","Georgia",2.54945048578384,2.57239963467697,-0.0538083811384576,-0.00622213598263812,2.51236911755588,"cerasiforme","SLC"
"BGV006927","Valencia",2.54945048578384,2.57239963467697,0.0736763981025623,0.00998725799621462,2.65606329077575,"cerasiforme","SLC"
"BGV006931","Antalya",2.54945048578384,2.34514419464731,0.138301725037179,-0.190944247406767,2.29250167227772,"cerasiforme","SLC"
"BGV006931","Florida",2.54945048578384,2.34514419464731,-0.158169742006974,0.10478226913363,2.29175672177396,"cerasiforme","SLC"
"BGV006931","Georgia",2.54945048578384,2.34514419464731,-0.0538083811384576,0.0592801411332857,2.35061595464214,"cerasiforme","SLC"
"BGV006931","Valencia",2.54945048578384,2.34514419464731,0.0736763981025623,0.0268818371398502,2.44570242988972,"cerasiforme","SLC"
"BGV006934","Antalya",2.54945048578384,2.73688333997287,0.138301725037179,0.078557388157093,2.95374245316714,"cerasiforme","SLC"
"BGV006934","Florida",2.54945048578384,2.73688333997287,-0.158169742006974,-0.0219981204955147,2.55671547747038,"cerasiforme","SLC"
"BGV006934","Georgia",2.54945048578384,2.73688333997287,-0.0538083811384576,-0.0673940801909422,2.61568087864347,"cerasiforme","SLC"
"BGV006934","Valencia",2.54945048578384,2.73688333997287,0.0736763981025623,0.010834812529362,2.82139455060479,"cerasiforme","SLC"
"BGV007015","Antalya",2.54945048578384,2.58884462241138,0.138301725037179,-0.0573615522878553,2.6697847951607,"cerasiforme","SLC"
"BGV007015","Florida",2.54945048578384,2.58884462241138,-0.158169742006974,0.0659713980597241,2.49664627846413,"cerasiforme","SLC"
"BGV007015","Georgia",2.54945048578384,2.58884462241138,-0.0538083811384576,0.0246049906227607,2.55964123189568,"cerasiforme","SLC"
"BGV007015","Valencia",2.54945048578384,2.58884462241138,0.0736763981025623,-0.03321483639463,2.62930618411931,"cerasiforme","SLC"
"BGV007017","Antalya",2.54945048578384,2.47392066347994,0.138301725037179,0.0182280506415589,2.63045043915868,"cerasiforme","SLC"
"BGV007017","Florida",2.54945048578384,2.47392066347994,-0.158169742006974,-0.0617852696065735,2.25396565186639,"cerasiforme","SLC"
"BGV007017","Georgia",2.54945048578384,2.47392066347994,-0.0538083811384576,0.0410779148776864,2.46119019721917,"cerasiforme","SLC"
"BGV007017","Valencia",2.54945048578384,2.47392066347994,0.0736763981025623,0.00247930408732721,2.55007636566983,"cerasiforme","SLC"
"BGV007023","Antalya",2.54945048578384,2.62189913028881,0.138301725037179,-0.0368292097098841,2.72337164561611,"cerasiforme","SLC"
"BGV007023","Florida",2.54945048578384,2.62189913028881,-0.158169742006974,0.019927987256996,2.48365737553884,"cerasiforme","SLC"
"BGV007023","Georgia",2.54945048578384,2.62189913028881,-0.0538083811384576,-0.114010285839118,2.45408046331124,"cerasiforme","SLC"
"BGV007023","Valencia",2.54945048578384,2.62189913028881,0.0736763981025623,0.130911508292005,2.82648703668338,"cerasiforme","SLC"
"BGV007109","Antalya",2.54945048578384,1.29628454226026,0.138301725037179,0.615880625419713,2.05046689271715,"pimpinellipolium","SP"
"BGV007109","Florida",2.54945048578384,1.29628454226026,-0.158169742006974,-0.323151918557418,0.814962881695865,"pimpinellipolium","SP"
"BGV007109","Georgia",2.54945048578384,1.29628454226026,-0.0538083811384576,-0.25374822285337,0.988727938268431,"pimpinellipolium","SP"
"BGV007109","Valencia",2.54945048578384,1.29628454226026,0.0736763981025623,-0.0389804840089248,1.3309804563539,"pimpinellipolium","SP"
"BGV007111","Antalya",2.54945048578384,0.882359892684659,0.138301725037179,0.0426119928783737,1.06327361060021,"pimpinellipolium","SP"
"BGV007111","Florida",2.54945048578384,0.882359892684659,-0.158169742006974,0.0394519552457435,0.763642105923428,"pimpinellipolium","SP"
"BGV007111","Georgia",2.54945048578384,0.882359892684659,-0.0538083811384576,-0.0192130312029337,0.809338480343268,"pimpinellipolium","SP"
"BGV007111","Valencia",2.54945048578384,0.882359892684659,0.0736763981025623,-0.0628509169211853,0.893185373866036,"pimpinellipolium","SP"
"BGV007149","Antalya",2.54945048578384,1.18713718480511,0.138301725037179,-0.0577687434068666,1.26767016643542,"pimpinellipolium","SP"
"BGV007149","Florida",2.54945048578384,1.18713718480511,-0.158169742006974,0.0477527491881093,1.07672019198624,"pimpinellipolium","SP"
"BGV007149","Georgia",2.54945048578384,1.18713718480511,-0.0538083811384576,-0.0702068778679794,1.06312192579867,"pimpinellipolium","SP"
"BGV007149","Valencia",2.54945048578384,1.18713718480511,0.0736763981025623,0.0802228720867359,1.3410364549944,"pimpinellipolium","SP"
"BGV007151","Antalya",2.54945048578384,1.13558043933315,0.138301725037179,-0.0402164799932471,1.23366568437708,"pimpinellipolium","SP"
"BGV007151","Florida",2.54945048578384,1.13558043933315,-0.158169742006974,-0.0413972580922535,0.936013439233923,"pimpinellipolium","SP"
"BGV007151","Georgia",2.54945048578384,1.13558043933315,-0.0538083811384576,-0.0992294117558884,0.982542646438804,"pimpinellipolium","SP"
"BGV007151","Valencia",2.54945048578384,1.13558043933315,0.0736763981025623,0.180843149841389,1.3900999872771,"pimpinellipolium","SP"
"BGV007152","Antalya",2.54945048578384,1.08245494509114,0.138301725037179,-0.0344611253648185,1.1862955447635,"pimpinellipolium","SP"
"BGV007152","Florida",2.54945048578384,1.08245494509114,-0.158169742006974,0.144053068581942,1.06833827166611,"pimpinellipolium","SP"
"BGV007152","Georgia",2.54945048578384,1.08245494509114,-0.0538083811384576,0.0317444460219534,1.06039100997464,"pimpinellipolium","SP"
"BGV007152","Valencia",2.54945048578384,1.08245494509114,0.0736763981025623,-0.141336389239077,1.01479495395463,"pimpinellipolium","SP"
"BGV007155","Florida",2.54945048578384,0.928197617511787,-0.158169742006974,0.117333540309717,0.887361415814529,NA,NA
"BGV007155","Georgia",2.54945048578384,0.928197617511787,-0.0538083811384576,0.051048640548939,0.925437876922268,NA,NA
"BGV007155","Valencia",2.54945048578384,0.928197617511787,0.0736763981025623,-0.168382180858657,0.833491834755692,NA,NA
"BGV007158","Antalya",2.54945048578384,1.07211718074396,0.138301725037179,-0.0292571845465562,1.18116172123458,"pimpinellipolium","SP"
"BGV007158","Florida",2.54945048578384,1.07211718074396,-0.158169742006974,0.028279328098409,0.942226766835392,"pimpinellipolium","SP"
"BGV007158","Georgia",2.54945048578384,1.07211718074396,-0.0538083811384576,-0.0279109194113939,0.990397880194106,"pimpinellipolium","SP"
"BGV007158","Valencia",2.54945048578384,1.07211718074396,0.0736763981025623,0.0288887758595408,1.17468235470606,"pimpinellipolium","SP"
"BGV007161","Antalya",2.54945048578384,1.05323565263249,0.138301725037179,-0.0225628786231477,1.16897449904652,"pimpinellipolium","SP"
"BGV007161","Florida",2.54945048578384,1.05323565263249,-0.158169742006974,0.0845432707566418,0.979609181382159,"pimpinellipolium","SP"
"BGV007161","Georgia",2.54945048578384,1.05323565263249,-0.0538083811384576,-0.0279986134008254,0.971428658093208,"pimpinellipolium","SP"
"BGV007161","Valencia",2.54945048578384,1.05323565263249,0.0736763981025623,-0.0339817787326698,1.09293027200238,"pimpinellipolium","SP"
"BGV007169","Antalya",2.54945048578384,1.13105469261255,0.138301725037179,-0.0532724063374004,1.21608401131233,"pimpinellipolium","SP"
"BGV007169","Florida",2.54945048578384,1.13105469261255,-0.158169742006974,-0.0312268262782965,0.941658124327277,"pimpinellipolium","SP"
"BGV007169","Georgia",2.54945048578384,1.13105469261255,-0.0538083811384576,-0.0206487732462254,1.05659753822786,"pimpinellipolium","SP"
"BGV007169","Valencia",2.54945048578384,1.13105469261255,0.0736763981025623,0.105148005861921,1.30987909657703,"pimpinellipolium","SP"
"BGV007181","Antalya",2.54945048578384,1.15497048336483,0.138301725037179,0.0420591080771831,1.33533131647919,"pimpinellipolium","SP"
"BGV007181","Florida",2.54945048578384,1.15497048336483,-0.158169742006974,-0.0214952158106256,0.97530552554723,"pimpinellipolium","SP"
"BGV007181","Georgia",2.54945048578384,1.15497048336483,-0.0538083811384576,0.0127040067724065,1.11386610899878,"pimpinellipolium","SP"
"BGV007181","Valencia",2.54945048578384,1.15497048336483,0.0736763981025623,-0.0332678990389639,1.19537898242843,"pimpinellipolium","SP"
"BGV007194","Antalya",2.54945048578384,0.923741689524845,0.138301725037179,-0.0336032275109504,1.02844018705107,"pimpinellipolium","SP"
"BGV007194","Florida",2.54945048578384,0.923741689524845,-0.158169742006974,-0.0249084279440628,0.740663519573808,"pimpinellipolium","SP"
"BGV007194","Georgia",2.54945048578384,0.923741689524845,-0.0538083811384576,0.058104441945754,0.928037750332142,"pimpinellipolium","SP"
"BGV007194","Valencia",2.54945048578384,0.923741689524845,0.0736763981025623,0.000407213509257626,0.997825301136665,"pimpinellipolium","SP"
"BGV007198","Antalya",2.54945048578384,1.10988177200616,0.138301725037179,0.0611311712674815,1.30931466831082,"pimpinellipolium","SP"
"BGV007198","Florida",2.54945048578384,1.10988177200616,-0.158169742006974,-0.020889865392568,0.93082216460662,"pimpinellipolium","SP"
"BGV007198","Georgia",2.54945048578384,1.10988177200616,-0.0538083811384576,0.0386721105063562,1.09474550137406,"pimpinellipolium","SP"
"BGV007198","Valencia",2.54945048578384,1.10988177200616,0.0736763981025623,-0.0789134163812713,1.10464475372745,"pimpinellipolium","SP"
"BGV007339","Antalya",2.54945048578384,1.03107729556817,0.138301725037179,-0.0573639914277153,1.11201502917763,"pimpinellipolium","SP"
"BGV007339","Florida",2.54945048578384,1.03107729556817,-0.158169742006974,0.0371778411244641,0.910085394685659,"pimpinellipolium","SP"
"BGV007339","Georgia",2.54945048578384,1.03107729556817,-0.0538083811384576,0.0254048686172884,1.002673783047,"pimpinellipolium","SP"
"BGV007339","Valencia",2.54945048578384,1.03107729556817,0.0736763981025623,-0.00521871831403924,1.09953497535669,"pimpinellipolium","SP"
"BGV007366","Antalya",2.54945048578384,1.11969125650106,0.138301725037179,0.0330474765892435,1.29104045812748,"pimpinellipolium","SP"
"BGV007366","Florida",2.54945048578384,1.11969125650106,-0.158169742006974,-0.0178699786306576,0.943651535863429,"pimpinellipolium","SP"
"BGV007366","Georgia",2.54945048578384,1.11969125650106,-0.0538083811384576,-0.112108074224945,0.953774801137658,"pimpinellipolium","SP"
"BGV007366","Valencia",2.54945048578384,1.11969125650106,0.0736763981025623,0.0969305762663575,1.29029823086998,"pimpinellipolium","SP"
"BGV007854","Antalya",2.54945048578384,3.30096139884103,0.138301725037179,-0.995901743486899,2.44336138039131,"lycopersicum","SLL"
"BGV007854","Florida",2.54945048578384,3.30096139884103,-0.158169742006974,0.508816992779975,3.65160864961403,"lycopersicum","SLL"
"BGV007854","Georgia",2.54945048578384,3.30096139884103,-0.0538083811384576,0.249072190324616,3.49622520802719,"lycopersicum","SLL"
"BGV007854","Valencia",2.54945048578384,3.30096139884103,0.0736763981025623,0.238012560382303,3.6126503573259,"lycopersicum","SLL"
"BGV007857","Antalya",2.54945048578384,4.18837077695592,0.138301725037179,-0.112544237527966,4.21412826446514,"lycopersicum","SLL"
"BGV007857","Florida",2.54945048578384,4.18837077695592,-0.158169742006974,-0.0103406745463539,4.0198603604026,"lycopersicum","SLL"
"BGV007857","Georgia",2.54945048578384,4.18837077695592,-0.0538083811384576,-0.139646634540542,3.99491576127692,"lycopersicum","SLL"
"BGV007857","Valencia",2.54945048578384,4.18837077695592,0.0736763981025623,0.262531546614862,4.52457872167335,"lycopersicum","SLL"
"BGV007860","Antalya",2.54945048578384,4.41035664761755,0.138301725037179,-0.0437675889669881,4.50489078368774,"lycopersicum","SLL"
"BGV007860","Florida",2.54945048578384,4.41035664761755,-0.158169742006974,0.175099995838448,4.42728690144903,"lycopersicum","SLL"
"BGV007860","Georgia",2.54945048578384,4.41035664761755,-0.0538083811384576,-0.107829503392997,4.2487187630861,"lycopersicum","SLL"
"BGV007860","Valencia",2.54945048578384,4.41035664761755,0.0736763981025623,-0.0235029034784673,4.46053014224165,"lycopersicum","SLL"
"BGV007862","Antalya",2.54945048578384,3.64384158799662,0.138301725037179,0.250846971333286,4.03299028436708,"lycopersicum","SLL"
"BGV007862","Florida",2.54945048578384,3.64384158799662,-0.158169742006974,-0.0391500246106388,3.446521821379,"lycopersicum","SLL"
"BGV007862","Georgia",2.54945048578384,3.64384158799662,-0.0538083811384576,0.0282413587817042,3.61827456563986,"lycopersicum","SLL"
"BGV007862","Valencia",2.54945048578384,3.64384158799662,0.0736763981025623,-0.239938305504352,3.47757968059483,"lycopersicum","SLL"
"BGV007863","Antalya",2.54945048578384,3.30906444360973,0.138301725037179,-0.0603207396018229,3.38704542904508,"lycopersicum","SLL"
"BGV007863","Florida",2.54945048578384,3.30906444360973,-0.158169742006974,-0.0477334095672181,3.10316129203554,"lycopersicum","SLL"
"BGV007863","Georgia",2.54945048578384,3.30906444360973,-0.0538083811384576,0.088657385059613,3.34391344753088,"lycopersicum","SLL"
"BGV007863","Valencia",2.54945048578384,3.30906444360973,0.0736763981025623,0.0193967641094267,3.40213760582172,"lycopersicum","SLL"
"BGV007864","Antalya",2.54945048578384,4.26709362243516,0.138301725037179,-0.159748202865528,4.24564714460681,"lycopersicum","SLL"
"BGV007864","Florida",2.54945048578384,4.26709362243516,-0.158169742006974,0.176392772314827,4.28531665274301,"lycopersicum","SLL"
"BGV007864","Georgia",2.54945048578384,4.26709362243516,-0.0538083811384576,-0.120981786775035,4.09230345452167,"lycopersicum","SLL"
"BGV007864","Valencia",2.54945048578384,4.26709362243516,0.0736763981025623,0.104337217325737,4.44510723786346,"lycopersicum","SLL"
"BGV007865","Antalya",2.54945048578384,4.30919022331245,0.138301725037179,-0.0903293354007729,4.35716261294886,"lycopersicum","SLL"
"BGV007865","Florida",2.54945048578384,4.30919022331245,-0.158169742006974,-0.0134714932015518,4.13754898810393,"lycopersicum","SLL"
"BGV007865","Georgia",2.54945048578384,4.30919022331245,-0.0538083811384576,-0.0333515011637296,4.22203034101026,"lycopersicum","SLL"
"BGV007865","Valencia",2.54945048578384,4.30919022331245,0.0736763981025623,0.137152329766049,4.52001895118106,"lycopersicum","SLL"
"BGV007867","Antalya",2.54945048578384,4.29213506890554,0.138301725037179,0.00305079983392297,4.43348759377664,"lycopersicum","SLL"
"BGV007867","Florida",2.54945048578384,4.29213506890554,-0.158169742006974,-0.0062658589359867,4.12769946796258,"lycopersicum","SLL"
"BGV007867","Georgia",2.54945048578384,4.29213506890554,-0.0538083811384576,-0.00150231034650114,4.23682437742058,"lycopersicum","SLL"
"BGV007867","Valencia",2.54945048578384,4.29213506890554,0.0736763981025623,0.00471736944856082,4.37052883645667,"lycopersicum","SLL"
"BGV007870","Antalya",2.54945048578384,3.51334911124211,0.138301725037179,-0.035529943049852,3.61612089322944,"lycopersicum","SLL"
"BGV007870","Florida",2.54945048578384,3.51334911124211,-0.158169742006974,0.113594878683567,3.4687742479187,"lycopersicum","SLL"
"BGV007870","Georgia",2.54945048578384,3.51334911124211,-0.0538083811384576,-0.00396110198547476,3.45557962811818,"lycopersicum","SLL"
"BGV007870","Valencia",2.54945048578384,3.51334911124211,0.0736763981025623,-0.0741038336482416,3.51292167569643,"lycopersicum","SLL"
"BGV007871","Antalya",2.54945048578384,3.90980914258877,0.138301725037179,0.0159778430243596,4.06408871065031,"lycopersicum","SLL"
"BGV007871","Florida",2.54945048578384,3.90980914258877,-0.158169742006974,0.0320385337473174,3.78367793432911,"lycopersicum","SLL"
"BGV007871","Georgia",2.54945048578384,3.90980914258877,-0.0538083811384576,0.181866088870844,4.03786685032115,"lycopersicum","SLL"
"BGV007871","Valencia",2.54945048578384,3.90980914258877,0.0736763981025623,-0.229882465642524,3.75360307504881,"lycopersicum","SLL"
"BGV007872","Antalya",2.54945048578384,4.24977516400055,0.138301725037179,-0.0753642557495369,4.31271263328819,"lycopersicum","SLL"
"BGV007872","Florida",2.54945048578384,4.24977516400055,-0.158169742006974,0.0737912613014707,4.16539668329505,"lycopersicum","SLL"
"BGV007872","Georgia",2.54945048578384,4.24977516400055,-0.0538083811384576,0.0353990888460032,4.23136587170809,"lycopersicum","SLL"
"BGV007872","Valencia",2.54945048578384,4.24977516400055,0.0736763981025623,-0.0338260943979392,4.28962546770517,"lycopersicum","SLL"
"BGV007875","Antalya",2.54945048578384,4.42845591364737,0.138301725037179,-0.0608768707296273,4.50588076795492,"lycopersicum","SLL"
"BGV007875","Florida",2.54945048578384,4.42845591364737,-0.158169742006974,0.0283313561971118,4.2986175278375,"lycopersicum","SLL"
"BGV007875","Georgia",2.54945048578384,4.42845591364737,-0.0538083811384576,-0.0449634098382985,4.32968412267061,"lycopersicum","SLL"
"BGV007875","Valencia",2.54945048578384,4.42845591364737,0.0736763981025623,0.0775089243708094,4.57964123612074,"lycopersicum","SLL"
"BGV007876","Antalya",2.54945048578384,4.35050318557273,0.138301725037179,0.121320301770001,4.61012521237991,"lycopersicum","SLL"
"BGV007876","Florida",2.54945048578384,4.35050318557273,-0.158169742006974,-0.0855242064617112,4.10680923710405,"lycopersicum","SLL"
"BGV007876","Georgia",2.54945048578384,4.35050318557273,-0.0538083811384576,-0.0483239498239394,4.24837085461034,"lycopersicum","SLL"
"BGV007876","Valencia",2.54945048578384,4.35050318557273,0.0736763981025623,0.0125278545156506,4.43670743819095,"lycopersicum","SLL"
"BGV007878","Antalya",2.54945048578384,4.26531767309991,0.138301725037179,-0.0324700001184529,4.37114939801863,"lycopersicum","SLL"
"BGV007878","Florida",2.54945048578384,4.26531767309991,-0.158169742006974,-0.00586364567600271,4.10128428541693,"lycopersicum","SLL"
"BGV007878","Georgia",2.54945048578384,4.26531767309991,-0.0538083811384576,0.0589850288989894,4.27049432086044,"lycopersicum","SLL"
"BGV007878","Valencia",2.54945048578384,4.26531767309991,0.0736763981025623,-0.02065138310454,4.31834268809793,"lycopersicum","SLL"
"BGV007894","Antalya",2.54945048578384,2.51376300165368,0.138301725037179,0.00607302166934104,2.6581377483602,"cerasiforme","SLC"
"BGV007894","Florida",2.54945048578384,2.51376300165368,-0.158169742006974,-0.00335378369266464,2.35223947595404,"cerasiforme","SLC"
"BGV007894","Georgia",2.54945048578384,2.51376300165368,-0.0538083811384576,0.0243612219213287,2.48431584243655,"cerasiforme","SLC"
"BGV007894","Valencia",2.54945048578384,2.51376300165368,0.0736763981025623,-0.0270804598980065,2.56035893985824,"cerasiforme","SLC"
"BGV007895","Antalya",2.54945048578384,4.23279711372007,0.138301725037179,0.000477803542556797,4.37157664229981,"cerasiforme","SLC"
"BGV007895","Florida",2.54945048578384,4.23279711372007,-0.158169742006974,-0.19180350279414,3.88282386891896,"cerasiforme","SLC"
"BGV007895","Georgia",2.54945048578384,4.23279711372007,-0.0538083811384576,0.145215542624469,4.32420427520608,"cerasiforme","SLC"
"BGV007895","Valencia",2.54945048578384,4.23279711372007,0.0736763981025623,0.0461101566271139,4.35258366844975,"cerasiforme","SLC"
"BGV007899","Antalya",2.54945048578384,3.50993551407833,0.138301725037179,0.112207758922571,3.76044499803808,"cerasiforme","SLC"
"BGV007899","Florida",2.54945048578384,3.50993551407833,-0.158169742006974,-0.0104641514940756,3.34130162057728,"cerasiforme","SLC"
"BGV007899","Georgia",2.54945048578384,3.50993551407833,-0.0538083811384576,0.0454167151748259,3.5015438481147,"cerasiforme","SLC"
"BGV007899","Valencia",2.54945048578384,3.50993551407833,0.0736763981025623,-0.147160322603319,3.43645158957758,"cerasiforme","SLC"
"BGV007900","Antalya",2.54945048578384,3.78828699185029,0.138301725037179,0.0182591050668955,3.94484782195436,"cerasiforme","SLC"
"BGV007900","Florida",2.54945048578384,3.78828699185029,-0.158169742006974,-0.200730336693865,3.42938691314945,"cerasiforme","SLC"
"BGV007900","Georgia",2.54945048578384,3.78828699185029,-0.0538083811384576,0.0465318817429093,3.78101049245474,"cerasiforme","SLC"
"BGV007900","Valencia",2.54945048578384,3.78828699185029,0.0736763981025623,0.135939349884057,3.99790273983691,"cerasiforme","SLC"
"BGV007901","Antalya",2.54945048578384,1.48564907961604,0.138301725037179,-0.0424211137859899,1.58152969086722,"cerasiforme","SLC"
"BGV007901","Florida",2.54945048578384,1.48564907961604,-0.158169742006974,0.0805453052182281,1.40802464282729,"cerasiforme","SLC"
"BGV007901","Georgia",2.54945048578384,1.48564907961604,-0.0538083811384576,-0.035110122763676,1.3967305757139,"cerasiforme","SLC"
"BGV007901","Valencia",2.54945048578384,1.48564907961604,0.0736763981025623,-0.003014068668563,1.55631140905003,"cerasiforme","SLC"
"BGV007902","Antalya",2.54945048578384,1.55939742622271,0.138301725037179,-0.0412406049788295,1.65645854628106,"cerasiforme","SLC"
"BGV007902","Florida",2.54945048578384,1.55939742622271,-0.158169742006974,0.131886487092512,1.53311417130825,"cerasiforme","SLC"
"BGV007902","Georgia",2.54945048578384,1.55939742622271,-0.0538083811384576,-0.0430029652780131,1.46258607980624,"cerasiforme","SLC"
"BGV007902","Valencia",2.54945048578384,1.55939742622271,0.0736763981025623,-0.0476429168356727,1.5854309074896,"cerasiforme","SLC"
"BGV007908","Antalya",2.54945048578384,1.31441231050114,0.138301725037179,-0.034803581133049,1.41791045440527,"cerasiforme","SLC"
"BGV007908","Florida",2.54945048578384,1.31441231050114,-0.158169742006974,0.0445724872489874,1.20081505574315,"cerasiforme","SLC"
"BGV007908","Georgia",2.54945048578384,1.31441231050114,-0.0538083811384576,0.00762811489493468,1.26823204425762,"cerasiforme","SLC"
"BGV007908","Valencia",2.54945048578384,1.31441231050114,0.0736763981025623,-0.0173970210108752,1.37069168759283,"cerasiforme","SLC"
"BGV007909","Antalya",2.54945048578384,1.33258661028811,0.138301725037179,-0.0866332396425469,1.38425509568274,"cerasiforme","SLC"
"BGV007909","Florida",2.54945048578384,1.33258661028811,-0.158169742006974,0.0637431092563365,1.23815997753747,"cerasiforme","SLC"
"BGV007909","Georgia",2.54945048578384,1.33258661028811,-0.0538083811384576,0.0274182561657677,1.30619648531542,"cerasiforme","SLC"
"BGV007909","Valencia",2.54945048578384,1.33258661028811,0.0736763981025623,-0.00452812577955802,1.40173488261111,"cerasiforme","SLC"
"BGV007910","Antalya",2.54945048578384,1.91352537944242,0.138301725037179,0.951543285799501,3.0033703902791,"cerasiforme","SLC"
"BGV007910","Florida",2.54945048578384,1.91352537944242,-0.158169742006974,-0.334258021630215,1.42109761580523,"cerasiforme","SLC"
"BGV007910","Georgia",2.54945048578384,1.91352537944242,-0.0538083811384576,-0.400077669873568,1.4596393284304,"cerasiforme","SLC"
"BGV007910","Valencia",2.54945048578384,1.91352537944242,0.0736763981025623,-0.217207594295718,1.76999418324927,"cerasiforme","SLC"
"BGV007911","Antalya",2.54945048578384,1.40032994585089,0.138301725037179,-0.072938491060507,1.46569317982756,"cerasiforme","SLC"
"BGV007911","Florida",2.54945048578384,1.40032994585089,-0.158169742006974,0.0756209072122479,1.31778111105616,"cerasiforme","SLC"
"BGV007911","Georgia",2.54945048578384,1.40032994585089,-0.0538083811384576,0.0118454598331709,1.3583670245456,"cerasiforme","SLC"
"BGV007911","Valencia",2.54945048578384,1.40032994585089,0.0736763981025623,-0.0145278759849121,1.45947846796854,"cerasiforme","SLC"
"BGV007918","Antalya",2.54945048578384,1.41813095104056,0.138301725037179,-0.0639269686044709,1.49250570747327,"cerasiforme","SLC"
"BGV007918","Florida",2.54945048578384,1.41813095104056,-0.158169742006974,0.0632914697330958,1.32325267876668,"cerasiforme","SLC"
"BGV007918","Georgia",2.54945048578384,1.41813095104056,-0.0538083811384576,-0.0321215248256901,1.33220104507641,"cerasiforme","SLC"
"BGV007918","Valencia",2.54945048578384,1.41813095104056,0.0736763981025623,0.032757023697064,1.52456437284019,"cerasiforme","SLC"
"BGV007920","Antalya",2.54945048578384,1.85685563381828,0.138301725037179,-0.0266234767802474,1.96853388207521,"cerasiforme","SLC"
"BGV007920","Florida",2.54945048578384,1.85685563381828,-0.158169742006974,-0.00589216168572971,1.69279373012558,"cerasiforme","SLC"
"BGV007920","Georgia",2.54945048578384,1.85685563381828,-0.0538083811384576,-0.0241768520731862,1.77887040060664,"cerasiforme","SLC"
"BGV007920","Valencia",2.54945048578384,1.85685563381828,0.0736763981025623,0.0566924905391604,1.98722452246,"cerasiforme","SLC"
"BGV007921","Antalya",2.54945048578384,1.33542754080597,0.138301725037179,-0.0521651712279563,1.4215640946152,"cerasiforme","SLC"
"BGV007921","Florida",2.54945048578384,1.33542754080597,-0.158169742006974,0.0520580210117462,1.22931581981075,"cerasiforme","SLC"
"BGV007921","Georgia",2.54945048578384,1.33542754080597,-0.0538083811384576,-0.0206467176968327,1.26097244197068,"cerasiforme","SLC"
"BGV007921","Valencia",2.54945048578384,1.33542754080597,0.0736763981025623,0.0207538679130418,1.42985780682158,"cerasiforme","SLC"
"BGV007927","Antalya",2.54945048578384,0.983479705450652,0.138301725037179,-0.10678783035575,1.01499360013208,"cerasiforme","SLC"
"BGV007927","Florida",2.54945048578384,0.983479705450652,-0.158169742006974,0.0526529561641432,0.877962919607821,"cerasiforme","SLC"
"BGV007927","Georgia",2.54945048578384,0.983479705450652,-0.0538083811384576,-0.0223673507172949,0.907303973594899,"cerasiforme","SLC"
"BGV007927","Valencia",2.54945048578384,0.983479705450652,0.0736763981025623,0.0765022249089021,1.13365832846212,"cerasiforme","SLC"
"BGV007931","Antalya",2.54945048578384,0.91500624140793,0.138301725037179,-0.0832760658159323,0.970031900629176,"cerasiforme","SLC"
"BGV007931","Florida",2.54945048578384,0.91500624140793,-0.158169742006974,0.0343508648383031,0.791187364239259,"cerasiforme","SLC"
"BGV007931","Georgia",2.54945048578384,0.91500624140793,-0.0538083811384576,0.00255764986488418,0.863755510134356,"cerasiforme","SLC"
"BGV007931","Valencia",2.54945048578384,0.91500624140793,0.0736763981025623,0.0463675511127427,1.03505019062323,"cerasiforme","SLC"
"BGV007933","Antalya",2.54945048578384,1.32784300415037,0.138301725037179,-0.0470530927309224,1.41909163645662,"cerasiforme","SLC"
"BGV007933","Florida",2.54945048578384,1.32784300415037,-0.158169742006974,0.0399436258619286,1.20961688800532,"cerasiforme","SLC"
"BGV007933","Georgia",2.54945048578384,1.32784300415037,-0.0538083811384576,0.0836550283866266,1.35768965139854,"cerasiforme","SLC"
"BGV007933","Valencia",2.54945048578384,1.32784300415037,0.0736763981025623,-0.0765455615176319,1.3249738407353,"cerasiforme","SLC"
"BGV007934","Antalya",2.54945048578384,1.10293593316065,0.138301725037179,-0.0971313176222975,1.14410634057553,"cerasiforme","SLC"
"BGV007934","Florida",2.54945048578384,1.10293593316065,-0.158169742006974,0.0136679037626739,0.958434094916346,"cerasiforme","SLC"
"BGV007934","Georgia",2.54945048578384,1.10293593316065,-0.0538083811384576,0.0682716314242116,1.1173991834464,"cerasiforme","SLC"
"BGV007934","Valencia",2.54945048578384,1.10293593316065,0.0736763981025623,0.0151917824354113,1.19180411369862,"cerasiforme","SLC"
"BGV007935","Antalya",2.54945048578384,1.16308572171451,0.138301725037179,-0.0250152072807449,1.27637223947094,"cerasiforme","SLC"
"BGV007935","Florida",2.54945048578384,1.16308572171451,-0.158169742006974,0.0236476157775062,1.02856359548504,"cerasiforme","SLC"
"BGV007935","Georgia",2.54945048578384,1.16308572171451,-0.0538083811384576,0.0013675915032403,1.11064493207929,"cerasiforme","SLC"
"BGV007936","Antalya",2.54945048578384,4.64974373625583,0.138301725037179,-0.0514156066742561,4.73662985461875,"lycopersicum","SLL"
"BGV007936","Florida",2.54945048578384,4.64974373625583,-0.158169742006974,-0.0141558394690043,4.47741815477985,"lycopersicum","SLL"
"BGV007936","Georgia",2.54945048578384,4.64974373625583,-0.0538083811384576,-0.0441379388806226,4.55179741623675,"lycopersicum","SLL"
"BGV007936","Valencia",2.54945048578384,4.64974373625583,0.0736763981025623,0.109709385023878,4.83312951938227,"lycopersicum","SLL"
"BGV007981","Antalya",2.54945048578384,2.27892778358798,0.138301725037179,0.013392982850018,2.43062249147518,"cerasiforme","SLC"
"BGV007981","Florida",2.54945048578384,2.27892778358798,-0.158169742006974,-0.0977561234281348,2.02300191815287,"cerasiforme","SLC"
"BGV007981","Georgia",2.54945048578384,2.27892778358798,-0.0538083811384576,-0.0502538249490013,2.17486557750052,"cerasiforme","SLC"
"BGV007981","Valencia",2.54945048578384,2.27892778358798,0.0736763981025623,0.134616965527115,2.48722114721766,"cerasiforme","SLC"
"BGV007989","Antalya",2.54945048578384,2.32348325492729,0.138301725037179,0.0566284557590327,2.5184134357235,"cerasiforme","SLC"
"BGV007989","Florida",2.54945048578384,2.32348325492729,-0.158169742006974,-0.114550103588394,2.05076340933192,"cerasiforme","SLC"
"BGV007989","Georgia",2.54945048578384,2.32348325492729,-0.0538083811384576,0.0122489141754349,2.28192378796426,"cerasiforme","SLC"
"BGV007989","Valencia",2.54945048578384,2.32348325492729,0.0736763981025623,0.0456727336539228,2.44283238668377,"cerasiforme","SLC"
"BGV007990","Antalya",2.54945048578384,2.57212632960889,0.138301725037179,0.0485898414766522,2.75901789612272,"cerasiforme","SLC"
"BGV007990","Florida",2.54945048578384,2.57212632960889,-0.158169742006974,-0.0211165643602838,2.39284002324163,"cerasiforme","SLC"
"BGV007990","Georgia",2.54945048578384,2.57212632960889,-0.0538083811384576,-0.124322635142306,2.39399531332813,"cerasiforme","SLC"
"BGV007990","Valencia",2.54945048578384,2.57212632960889,0.0736763981025623,0.096849358025936,2.74265208573739,"cerasiforme","SLC"
"BGV007992","Antalya",2.54945048578384,1.82415706418772,0.138301725037179,-0.0611913052482872,1.90126748397661,"cerasiforme","SLC"
"BGV007992","Florida",2.54945048578384,1.82415706418772,-0.158169742006974,0.0153065397839961,1.68129386196474,"cerasiforme","SLC"
"BGV007992","Georgia",2.54945048578384,1.82415706418772,-0.0538083811384576,0.0909482722404724,1.86129695528973,"cerasiforme","SLC"
"BGV007992","Valencia",2.54945048578384,1.82415706418772,0.0736763981025623,-0.0450635067761846,1.85276995551409,"cerasiforme","SLC"
"BGV008036","Antalya",2.54945048578384,2.49574288676422,0.138301725037179,0.0110002642612387,2.64504487606264,"cerasiforme","SLC"
"BGV008036","Florida",2.54945048578384,2.49574288676422,-0.158169742006974,0.000696377489093628,2.33826952224634,"cerasiforme","SLC"
"BGV008036","Georgia",2.54945048578384,2.49574288676422,-0.0538083811384576,-0.0652146189236751,2.37671988670209,"cerasiforme","SLC"
"BGV008036","Valencia",2.54945048578384,2.49574288676422,0.0736763981025623,0.0535179771733417,2.62293726204013,"cerasiforme","SLC"
"BGV008037","Antalya",2.54945048578384,2.1714312404699,0.138301725037179,0.00786898805434811,2.31760195356143,"cerasiforme","SLC"
"BGV008037","Florida",2.54945048578384,2.1714312404699,-0.158169742006974,-0.0528296650381589,1.96043183342477,"cerasiforme","SLC"
"BGV008037","Georgia",2.54945048578384,2.1714312404699,-0.0538083811384576,-0.0682895956304771,2.04933326370097,"cerasiforme","SLC"
"BGV008037","Valencia",2.54945048578384,2.1714312404699,0.0736763981025623,0.113250272614284,2.35835791118675,"cerasiforme","SLC"
"BGV008041","Antalya",2.54945048578384,2.54374814910311,0.138301725037179,0.0251678081191273,2.70721768225942,"cerasiforme","SLC"
"BGV008041","Florida",2.54945048578384,2.54374814910311,-0.158169742006974,0.0132516430960551,2.3988300501922,"cerasiforme","SLC"
"BGV008041","Georgia",2.54945048578384,2.54374814910311,-0.0538083811384576,-0.0375365185639794,2.45240324940068,"cerasiforme","SLC"
"BGV008041","Valencia",2.54945048578384,2.54374814910311,0.0736763981025623,-0.000882932651203931,2.61654161455447,"cerasiforme","SLC"
"BGV008042","Antalya",2.54945048578384,1.51331661902055,0.138301725037179,-0.0314874583506404,1.62013088570709,"cerasiforme","SLC"
"BGV008042","Florida",2.54945048578384,1.51331661902055,-0.158169742006974,0.168675350852333,1.52382222786591,"cerasiforme","SLC"
"BGV008042","Georgia",2.54945048578384,1.51331661902055,-0.0538083811384576,-0.0455007358248836,1.41400750205721,"cerasiforme","SLC"
"BGV008042","Valencia",2.54945048578384,1.51331661902055,0.0736763981025623,-0.0916871566768139,1.4953058604463,"cerasiforme","SLC"
"BGV008051","Antalya",2.54945048578384,1.27647691688253,0.138301725037179,-0.100137230606989,1.31464141131272,"cerasiforme","SLC"
"BGV008051","Florida",2.54945048578384,1.27647691688253,-0.158169742006974,0.10504245119665,1.22334962607221,"cerasiforme","SLC"
"BGV008051","Georgia",2.54945048578384,1.27647691688253,-0.0538083811384576,0.0570310286589249,1.279699564403,"cerasiforme","SLC"
"BGV008051","Valencia",2.54945048578384,1.27647691688253,0.0736763981025623,-0.0619362492485866,1.28821706573651,"cerasiforme","SLC"
"BGV008058","Antalya",2.54945048578384,1.848230046146,0.138301725037179,-0.00560066574488474,1.98093110543829,"cerasiforme","SLC"
"BGV008058","Florida",2.54945048578384,1.848230046146,-0.158169742006974,0.017321117325825,1.70738142146485,"cerasiforme","SLC"
"BGV008058","Georgia",2.54945048578384,1.848230046146,-0.0538083811384576,0.00336537694896752,1.79778704195651,"cerasiforme","SLC"
"BGV008058","Valencia",2.54945048578384,1.848230046146,0.0736763981025623,-0.0150858285299123,1.90682061571865,"cerasiforme","SLC"
"BGV008061","Antalya",2.54945048578384,2.25383573717427,0.138301725037179,0.070406617303757,2.46254407951521,"cerasiforme","SLC"
"BGV008061","Florida",2.54945048578384,2.25383573717427,-0.158169742006974,-0.0612386886921457,2.03442730647515,"cerasiforme","SLC"
"BGV008061","Georgia",2.54945048578384,2.25383573717427,-0.0538083811384576,0.00716390879728332,2.2071912648331,"cerasiforme","SLC"
"BGV008061","Valencia",2.54945048578384,2.25383573717427,0.0736763981025623,-0.0163318374088955,2.31118029786794,"cerasiforme","SLC"
"BGV008065","Antalya",2.54945048578384,2.82990551450759,0.138301725037179,-0.0331354042434958,2.93507183530127,"cerasiforme","SLC"
"BGV008065","Florida",2.54945048578384,2.82990551450759,-0.158169742006974,0.0112657862280619,2.68300155872868,"cerasiforme","SLC"
"BGV008065","Georgia",2.54945048578384,2.82990551450759,-0.0538083811384576,0.0395868638771644,2.8156839972463,"cerasiforme","SLC"
"BGV008065","Valencia",2.54945048578384,2.82990551450759,0.0736763981025623,-0.0177172458617349,2.88586466674842,"cerasiforme","SLC"
"BGV008067","Antalya",2.54945048578384,1.323924983037,0.138301725037179,-0.0440103193019691,1.41821638877221,"cerasiforme","SLC"
"BGV008067","Florida",2.54945048578384,1.323924983037,-0.158169742006974,0.0122376706101638,1.17799291164019,"cerasiforme","SLC"
"BGV008067","Georgia",2.54945048578384,1.323924983037,-0.0538083811384576,0.0123433333185751,1.28245993521712,"cerasiforme","SLC"
"BGV008067","Valencia",2.54945048578384,1.323924983037,0.0736763981025623,0.019429315373229,1.4170306965128,"cerasiforme","SLC"
"BGV008070","Antalya",2.54945048578384,1.3688084365351,0.138301725037179,-0.00833767465016033,1.49877248692212,"cerasiforme","SLC"
"BGV008070","Florida",2.54945048578384,1.3688084365351,-0.158169742006974,0.0320554591221501,1.24269415365028,"cerasiforme","SLC"
"BGV008070","Georgia",2.54945048578384,1.3688084365351,-0.0538083811384576,-0.00993147218200964,1.30506858321464,"cerasiforme","SLC"
"BGV008070","Valencia",2.54945048578384,1.3688084365351,0.0736763981025623,-0.0137863122899847,1.42869852234768,"cerasiforme","SLC"
"BGV008077","Antalya",2.54945048578384,2.93259311748351,0.138301725037179,0.0240386171231301,3.09493345964382,"cerasiforme","SLC"
"BGV008077","Florida",2.54945048578384,2.93259311748351,-0.158169742006974,-0.0227323113562789,2.75169106412026,"cerasiforme","SLC"
"BGV008077","Georgia",2.54945048578384,2.93259311748351,-0.0538083811384576,-0.0865901023940079,2.79219463395104,"cerasiforme","SLC"
"BGV008077","Valencia",2.54945048578384,2.93259311748351,0.0736763981025623,0.0852837966271544,3.09155331221323,"cerasiforme","SLC"
"BGV008095","Antalya",2.54945048578384,2.34181918832119,0.138301725037179,0.05989157370901,2.54001248706738,"cerasiforme","SLC"
"BGV008095","Florida",2.54945048578384,2.34181918832119,-0.158169742006974,-0.0448149559138937,2.13883449040032,"cerasiforme","SLC"
"BGV008095","Georgia",2.54945048578384,2.34181918832119,-0.0538083811384576,0.0320732051375332,2.32008401232026,"cerasiforme","SLC"
"BGV008095","Valencia",2.54945048578384,2.34181918832119,0.0736763981025623,-0.047149822932652,2.3683457634911,"cerasiforme","SLC"
"BGV008096","Antalya",2.54945048578384,2.60343440047977,0.138301725037179,0.0576150229562475,2.7993511484732,"cerasiforme","SLC"
"BGV008096","Florida",2.54945048578384,2.60343440047977,-0.158169742006974,-0.0620212477877702,2.38324341068503,"cerasiforme","SLC"
"BGV008096","Georgia",2.54945048578384,2.60343440047977,-0.0538083811384576,-0.0847884479401112,2.46483757140121,"cerasiforme","SLC"
"BGV008096","Valencia",2.54945048578384,2.60343440047977,0.0736763981025623,0.089194672771632,2.76630547135397,"cerasiforme","SLC"
"BGV008098","Antalya",2.54945048578384,2.40909464138059,0.138301725037179,-0.0346732001565007,2.51272316626127,"cerasiforme","SLC"
"BGV008098","Florida",2.54945048578384,2.40909464138059,-0.158169742006974,-0.00724212111612199,2.24368277825749,"cerasiforme","SLC"
"BGV008098","Georgia",2.54945048578384,2.40909464138059,-0.0538083811384576,0.0297793649833594,2.38506562522549,"cerasiforme","SLC"
"BGV008098","Valencia",2.54945048578384,2.40909464138059,0.0736763981025623,0.0121359562892599,2.49490699577241,"cerasiforme","SLC"
"BGV008100","Antalya",2.54945048578384,2.85893615376039,0.138301725037179,-0.0107062234441483,2.98653165535342,"cerasiforme","SLC"
"BGV008100","Florida",2.54945048578384,2.85893615376039,-0.158169742006974,0.0323377110887076,2.73310412284212,"cerasiforme","SLC"
"BGV008100","Georgia",2.54945048578384,2.85893615376039,-0.0538083811384576,-0.123571585500272,2.68155618712166,"cerasiforme","SLC"
"BGV008100","Valencia",2.54945048578384,2.85893615376039,0.0736763981025623,0.101940097855711,3.03455264971866,"cerasiforme","SLC"
"BGV008106","Antalya",2.54945048578384,2.17333061999372,0.138301725037179,0.0503230953280956,2.36195544035899,"cerasiforme","SLC"
"BGV008106","Florida",2.54945048578384,2.17333061999372,-0.158169742006974,0.0104677272013751,2.02562860518812,"cerasiforme","SLC"
"BGV008106","Georgia",2.54945048578384,2.17333061999372,-0.0538083811384576,-0.0857495260129108,2.03377271284235,"cerasiforme","SLC"
"BGV008106","Valencia",2.54945048578384,2.17333061999372,0.0736763981025623,0.0249587034834384,2.27196572157972,"cerasiforme","SLC"
"BGV008108","Florida",2.54945048578384,1.78297329416161,-0.158169742006974,-0.0168917057880932,1.60791184636654,"cerasiforme","SLC"
"BGV008108","Georgia",2.54945048578384,1.78297329416161,-0.0538083811384576,-0.0202896916023497,1.7088752214208,"cerasiforme","SLC"
"BGV008108","Valencia",2.54945048578384,1.78297329416161,0.0736763981025623,0.037181397390444,1.89383108965461,"cerasiforme","SLC"
"BGV008110","Antalya",2.54945048578384,1.27568592751532,0.138301725037179,0.0615847043185795,1.47557235687108,"cerasiforme","SLC"
"BGV008110","Valencia",2.54945048578384,1.27568592751532,0.0736763981025623,-0.0615847043185803,1.28777762129931,"cerasiforme","SLC"
"BGV008189","Antalya",2.54945048578384,1.87324154926819,0.138301725037179,0.102817419099872,2.11436069340524,"cerasiforme","SLC"
"BGV008189","Florida",2.54945048578384,1.87324154926819,-0.158169742006974,-0.0813280451823931,1.63374376207882,"cerasiforme","SLC"
"BGV008189","Georgia",2.54945048578384,1.87324154926819,-0.0538083811384576,-0.117725467275953,1.70170770085378,"cerasiforme","SLC"
"BGV008189","Valencia",2.54945048578384,1.87324154926819,0.0736763981025623,0.0962360933584713,2.04315404072922,"cerasiforme","SLC"
"BGV008218","Antalya",2.54945048578384,1.87597982865863,0.138301725037179,-0.011640274389716,2.00264127930609,"cerasiforme","SLC"
"BGV008218","Florida",2.54945048578384,1.87597982865863,-0.158169742006974,-0.00797527676885391,1.7098348098828,"cerasiforme","SLC"
"BGV008218","Georgia",2.54945048578384,1.87597982865863,-0.0538083811384576,0.00438927396784204,1.82656072148801,"cerasiforme","SLC"
"BGV008218","Valencia",2.54945048578384,1.87597982865863,0.0736763981025623,0.0152262771907267,1.96488250395192,"cerasiforme","SLC"
"BGV008219","Antalya",2.54945048578384,1.60139708286121,0.138301725037179,-0.124453564726623,1.61524524317176,"cerasiforme","SLC"
"BGV008219","Florida",2.54945048578384,1.60139708286121,-0.158169742006974,0.0752592692538436,1.51848661010808,"cerasiforme","SLC"
"BGV008219","Georgia",2.54945048578384,1.60139708286121,-0.0538083811384576,0.0384950517296894,1.58608375345244,"cerasiforme","SLC"
"BGV008219","Valencia",2.54945048578384,1.60139708286121,0.0736763981025623,0.0106992437430862,1.68577272470685,"cerasiforme","SLC"
"BGV008221","Antalya",2.54945048578384,1.79234935408364,0.138301725037179,-0.210347795290605,1.72030328383021,"cerasiforme","SLC"
"BGV008221","Florida",2.54945048578384,1.79234935408364,-0.158169742006974,0.135900467309796,1.77008007938646,"cerasiforme","SLC"
"BGV008221","Georgia",2.54945048578384,1.79234935408364,-0.0538083811384576,0.0107700143391468,1.74931098728433,"cerasiforme","SLC"
"BGV008221","Valencia",2.54945048578384,1.79234935408364,0.0736763981025623,0.0636773136416586,1.92970306582786,"cerasiforme","SLC"
"BGV008223","Antalya",2.54945048578384,1.60930321774368,0.138301725037179,0.0380440344035876,1.78564897718445,"cerasiforme","SLC"
"BGV008223","Florida",2.54945048578384,1.60930321774368,-0.158169742006974,-0.0250416979149142,1.4260917778218,"cerasiforme","SLC"
"BGV008223","Georgia",2.54945048578384,1.60930321774368,-0.0538083811384576,-0.00997040939642464,1.5455244272088,"cerasiforme","SLC"
"BGV008223","Valencia",2.54945048578384,1.60930321774368,0.0736763981025623,-0.00303192709225037,1.679947688754,"cerasiforme","SLC"
"BGV008224","Antalya",2.54945048578384,3.48714129610549,0.138301725037179,0.0251843185076484,3.65062733965032,"cerasiforme","SLC"
"BGV008224","Florida",2.54945048578384,3.48714129610549,-0.158169742006974,0.162334627548418,3.49130618164694,"cerasiforme","SLC"
"BGV008224","Georgia",2.54945048578384,3.48714129610549,-0.0538083811384576,-0.0971016040306179,3.33623131093642,"cerasiforme","SLC"
"BGV008224","Valencia",2.54945048578384,3.48714129610549,0.0736763981025623,-0.0904173420254503,3.47040035218261,"cerasiforme","SLC"
"BGV008225","Antalya",2.54945048578384,1.16115067649712,0.138301725037179,0.0260822268198454,1.32553462835414,"cerasiforme","SLC"
"BGV008225","Florida",2.54945048578384,1.16115067649712,-0.158169742006974,-0.00470952384427889,0.998271410645866,"cerasiforme","SLC"
"BGV008225","Georgia",2.54945048578384,1.16115067649712,-0.0538083811384576,0.0509367080123302,1.15827900337099,"cerasiforme","SLC"
"BGV008225","Valencia",2.54945048578384,1.16115067649712,0.0736763981025623,-0.0723094109879,1.16251766361178,"cerasiforme","SLC"
"BGV008345","Antalya",2.54945048578384,1.76256700139435,0.138301725037179,0.00115314701991886,1.90202187345145,"cerasiforme","SLC"
"BGV008345","Florida",2.54945048578384,1.76256700139435,-0.158169742006974,0.0181242896872664,1.62252154907464,"cerasiforme","SLC"
"BGV008345","Georgia",2.54945048578384,1.76256700139435,-0.0538083811384576,-0.0694472569026111,1.63931136335328,"cerasiforme","SLC"
"BGV008345","Valencia",2.54945048578384,1.76256700139435,0.0736763981025623,0.0501698201954234,1.88641321969234,"cerasiforme","SLC"
"BGV008347","Antalya",2.54945048578384,1.52567811701532,0.138301725037179,-0.0070301034747979,1.6569497385777,"cerasiforme","SLC"
"BGV008347","Valencia",2.54945048578384,1.52567811701532,0.0736763981025623,0.00703010347479727,1.60638461859268,"cerasiforme","SLC"
"BGV008348","Antalya",2.54945048578384,2.04671172330335,0.138301725037179,-0.0193526043538493,2.16566084398668,"cerasiforme","SLC"
"BGV008348","Florida",2.54945048578384,2.04671172330335,-0.158169742006974,-0.0180461367699398,1.87049584452644,"cerasiforme","SLC"
"BGV008348","Georgia",2.54945048578384,2.04671172330335,-0.0538083811384576,-0.032652125899396,1.9602512162655,"cerasiforme","SLC"
"BGV008348","Valencia",2.54945048578384,2.04671172330335,0.0736763981025623,0.0700508670231842,2.1904389884291,"cerasiforme","SLC"
"BGV008354","Antalya",2.54945048578384,3.21782054368389,0.138301725037179,0.112752876616012,3.46887514533708,"cerasiforme","SLC"
"BGV008354","Florida",2.54945048578384,3.21782054368389,-0.158169742006974,-0.142247911470186,2.91740289020673,"cerasiforme","SLC"
"BGV008354","Georgia",2.54945048578384,3.21782054368389,-0.0538083811384576,-0.0879900514823975,3.07602211106304,"cerasiforme","SLC"
"BGV008354","Valencia",2.54945048578384,3.21782054368389,0.0736763981025623,0.117485086336567,3.40898202812302,"cerasiforme","SLC"
"BGV012613","Antalya",2.54945048578384,1.7522148394399,0.138301725037179,-0.0651701434737108,1.82534642100336,"cerasiforme","SLC"
"BGV012613","Florida",2.54945048578384,1.7522148394399,-0.158169742006974,-0.110471815288557,1.48357328214436,"cerasiforme","SLC"
"BGV012613","Georgia",2.54945048578384,1.7522148394399,-0.0538083811384576,0.17077073479995,1.86917719310139,"cerasiforme","SLC"
"BGV012613","Valencia",2.54945048578384,1.7522148394399,0.0736763981025623,0.0048712239623136,1.83076246150477,"cerasiforme","SLC"
"BGV012614","Antalya",2.54945048578384,1.54455585877901,0.138301725037179,-0.0399420030200867,1.6429155807961,"cerasiforme","SLC"
"BGV012614","Florida",2.54945048578384,1.54455585877901,-0.158169742006974,-0.0131091722702842,1.37327694450175,"cerasiforme","SLC"
"BGV012614","Georgia",2.54945048578384,1.54455585877901,-0.0538083811384576,-0.0397242892530092,1.45102318838754,"cerasiforme","SLC"
"BGV012614","Valencia",2.54945048578384,1.54455585877901,0.0736763981025623,0.092775464543377,1.71100772142495,"cerasiforme","SLC"
"BGV012615","Antalya",2.54945048578384,1.26769474442775,0.138301725037179,0.0785711912788264,1.48456766074376,"cerasiforme","SLC"
"BGV012615","Florida",2.54945048578384,1.26769474442775,-0.158169742006974,-0.012805053741455,1.09671994867932,"cerasiforme","SLC"
"BGV012615","Georgia",2.54945048578384,1.26769474442775,-0.0538083811384576,-0.0545591206742904,1.159327242615,"cerasiforme","SLC"
"BGV012615","Valencia",2.54945048578384,1.26769474442775,0.0736763981025623,-0.0112070168630794,1.33016412566723,"cerasiforme","SLC"
"BGV012625","Antalya",2.54945048578384,3.10753387809372,0.138301725037179,0.0142453314316671,3.26008093456257,"cerasiforme","SLC"
"BGV012625","Florida",2.54945048578384,3.10753387809372,-0.158169742006974,0.000113522519922542,2.94947765860667,"cerasiforme","SLC"
"BGV012625","Georgia",2.54945048578384,3.10753387809372,-0.0538083811384576,-0.0263818069315096,3.02734369002376,"cerasiforme","SLC"
"BGV012625","Valencia",2.54945048578384,3.10753387809372,0.0736763981025623,0.0120229529799194,3.19323322917621,"cerasiforme","SLC"
"BGV012626","Antalya",2.54945048578384,1.59737524155245,0.138301725037179,0.0383987983124722,1.7740757649021,"cerasiforme","SLC"
"BGV012626","Florida",2.54945048578384,1.59737524155245,-0.158169742006974,-0.141912234981754,1.29729326456372,"cerasiforme","SLC"
"BGV012626","Georgia",2.54945048578384,1.59737524155245,-0.0538083811384576,0.000733384817827863,1.54430024523182,"cerasiforme","SLC"
"BGV012626","Valencia",2.54945048578384,1.59737524155245,0.0736763981025623,0.102780051851455,1.77383169150646,"cerasiforme","SLC"
"BGV012627","Antalya",2.54945048578384,2.35979596500419,0.138301725037179,0.0171034079497392,2.51520109799111,"cerasiforme","SLC"
"BGV012627","Florida",2.54945048578384,2.35979596500419,-0.158169742006974,-0.0638008458952755,2.13782537710194,"cerasiforme","SLC"
"BGV012627","Georgia",2.54945048578384,2.35979596500419,-0.0538083811384576,-0.0156277619790772,2.29035982188665,"cerasiforme","SLC"
"BGV012627","Valencia",2.54945048578384,2.35979596500419,0.0736763981025623,0.0623251999246093,2.49579756303136,"cerasiforme","SLC"
"BGV012639","Antalya",2.54945048578384,2.9262201827659,0.138301725037179,0.003258002640792,3.06777991044387,"cerasiforme","SLC"
"BGV012639","Florida",2.54945048578384,2.9262201827659,-0.158169742006974,-0.0600586763049839,2.70799176445394,"cerasiforme","SLC"
"BGV012639","Georgia",2.54945048578384,2.9262201827659,-0.0538083811384576,-0.0681025561396461,2.8043092454878,"cerasiforme","SLC"
"BGV012639","Valencia",2.54945048578384,2.9262201827659,0.0736763981025623,0.124903229803835,3.1247998106723,"cerasiforme","SLC"
"BGV012640","Antalya",2.54945048578384,2.49205584300378,0.138301725037179,0.0873101870257641,2.71766775506672,"cerasiforme","SLC"
"BGV012640","Florida",2.54945048578384,2.49205584300378,-0.158169742006974,0.0400549021977048,2.37394100319451,"cerasiforme","SLC"
"BGV012640","Georgia",2.54945048578384,2.49205584300378,-0.0538083811384576,-0.00515942606959656,2.43308803579572,"cerasiforme","SLC"
"BGV012640","Valencia",2.54945048578384,2.49205584300378,0.0736763981025623,-0.122205663153877,2.44352657795246,"cerasiforme","SLC"
"BGV013134","Antalya",2.54945048578384,1.46522153815223,0.138301725037179,-0.000123753220448235,1.60339950996896,"cerasiforme","SLC"
"BGV013134","Florida",2.54945048578384,1.46522153815223,-0.158169742006974,0.0425098948131137,1.34956169095837,"cerasiforme","SLC"
"BGV013134","Georgia",2.54945048578384,1.46522153815223,-0.0538083811384576,-0.00545475657572645,1.40595840043804,"cerasiforme","SLC"
"BGV013134","Valencia",2.54945048578384,1.46522153815223,0.0736763981025623,-0.0369313850169389,1.50196655123785,"cerasiforme","SLC"
"BGV013156","Antalya",2.54945048578384,1.79566507973317,0.138301725037179,-4.62589045202847e-16,1.93396680477035,"cerasiforme","SLC"
"BGV013161","Antalya",2.54945048578384,2.62857292664376,0.138301725037179,0.0690673169054693,2.83594196858641,"cerasiforme","SLC"
"BGV013161","Florida",2.54945048578384,2.62857292664376,-0.158169742006974,-0.0534500696291173,2.41695311500767,"cerasiforme","SLC"
"BGV013161","Georgia",2.54945048578384,2.62857292664376,-0.0538083811384576,-0.0409036280826928,2.53386091742261,"cerasiforme","SLC"
"BGV013161","Valencia",2.54945048578384,2.62857292664376,0.0736763981025623,0.0252863808063383,2.72753570555266,"cerasiforme","SLC"
"BGV013175","Antalya",2.54945048578384,1.66626458414755,0.138301725037179,0.0292930828662357,1.83385939205097,"cerasiforme","SLC"
"BGV013175","Florida",2.54945048578384,1.66626458414755,-0.158169742006974,0.01141418841768,1.51950903055826,"cerasiforme","SLC"
"BGV013175","Georgia",2.54945048578384,1.66626458414755,-0.0538083811384576,-0.00711962215222857,1.60533658085687,"cerasiforme","SLC"
"BGV013175","Valencia",2.54945048578384,1.66626458414755,0.0736763981025623,-0.0335876491316902,1.70635333311842,"cerasiforme","SLC"
"BGV013945","Antalya",2.54945048578384,2.32139795034741,0.138301725037179,0.0505715510011466,2.51027122638574,"cerasiforme","SLC"
"BGV013945","Florida",2.54945048578384,2.32139795034741,-0.158169742006974,0.0144820406500058,2.17771024899044,"cerasiforme","SLC"
"BGV013945","Georgia",2.54945048578384,2.32139795034741,-0.0538083811384576,0.0640384894162767,2.33162805862523,"cerasiforme","SLC"
"BGV013945","Valencia",2.54945048578384,2.32139795034741,0.0736763981025623,-0.12909208106743,2.26598226738255,"cerasiforme","SLC"
"BGV014508","Antalya",2.54945048578384,3.06096863366892,0.138301725037179,0.102074724275061,3.30134508298116,"cerasiforme","SLC"
"BGV014508","Florida",2.54945048578384,3.06096863366892,-0.158169742006974,-0.0640953487287355,2.83870354293321,"cerasiforme","SLC"
"BGV014508","Georgia",2.54945048578384,3.06096863366892,-0.0538083811384576,-0.0924881361340318,2.91467211639643,"cerasiforme","SLC"
"BGV014508","Valencia",2.54945048578384,3.06096863366892,0.0736763981025623,0.0545087605877031,3.18915379235919,"cerasiforme","SLC"
"BGV014514","Antalya",2.54945048578384,3.09137343953348,0.138301725037179,0.104664405762365,3.33433957033302,"cerasiforme","SLC"
"BGV014514","Florida",2.54945048578384,3.09137343953348,-0.158169742006974,-0.0392071408927809,2.89399655663373,"cerasiforme","SLC"
"BGV014514","Georgia",2.54945048578384,3.09137343953348,-0.0538083811384576,0.0307036378426613,3.06826869623768,"cerasiforme","SLC"
"BGV014514","Valencia",2.54945048578384,3.09137343953348,0.0736763981025623,-0.0961609027122487,3.06888893492379,"cerasiforme","SLC"
"BGV014515","Florida",2.54945048578384,3.04208755786692,-0.158169742006974,-0.0546842609651169,2.82923355489483,"cerasiforme","SLC"
"BGV014515","Georgia",2.54945048578384,3.04208755786692,-0.0538083811384576,-0.00502327495190226,2.98325590177656,"cerasiforme","SLC"
"BGV014515","Valencia",2.54945048578384,3.04208755786692,0.0736763981025623,0.0597075359170181,3.1754714918865,"cerasiforme","SLC"
"BGV014516","Antalya",2.54945048578384,2.59491844030499,0.138301725037179,0.146613048520184,2.87983321386235,"cerasiforme","SLC"
"BGV014516","Florida",2.54945048578384,2.59491844030499,-0.158169742006974,0.0234911504628366,2.46023984876085,"cerasiforme","SLC"
"BGV014516","Georgia",2.54945048578384,2.59491844030499,-0.0538083811384576,-0.142420483142016,2.39868957602452,"cerasiforme","SLC"
"BGV014516","Valencia",2.54945048578384,2.59491844030499,0.0736763981025623,-0.0276837158410063,2.64091112256655,"cerasiforme","SLC"
"BGV014518","Antalya",2.54945048578384,2.85196806562134,0.138301725037179,0.0773024702630938,3.06757226092162,"cerasiforme","SLC"
"BGV014518","Florida",2.54945048578384,2.85196806562134,-0.158169742006974,-0.0479596161768922,2.64583870743748,"cerasiforme","SLC"
"BGV014518","Georgia",2.54945048578384,2.85196806562134,-0.0538083811384576,-0.0381209324004105,2.76003875208248,"cerasiforme","SLC"
"BGV014518","Valencia",2.54945048578384,2.85196806562134,0.0736763981025623,0.00877807831420685,2.93442254203811,"cerasiforme","SLC"
"BGV014519","Antalya",2.54945048578384,2.78047925462147,0.138301725037179,0.0391989128537324,2.95797989251239,"cerasiforme","SLC"
"BGV014519","Florida",2.54945048578384,2.78047925462147,-0.158169742006974,0.0242869262529073,2.64659643886741,"cerasiforme","SLC"
"BGV014519","Georgia",2.54945048578384,2.78047925462147,-0.0538083811384576,-0.0770923648309794,2.64957850865204,"cerasiforme","SLC"
"BGV014519","Valencia",2.54945048578384,2.78047925462147,0.0736763981025623,0.0136065257243346,2.86776217844837,"cerasiforme","SLC"
"BGV014522","Antalya",2.54945048578384,2.83829659501057,0.138301725037179,-0.0172041127256026,2.95939420732214,"cerasiforme","SLC"
"BGV014522","Florida",2.54945048578384,2.83829659501057,-0.158169742006974,0.0405938922388152,2.72072074524241,"cerasiforme","SLC"
"BGV014522","Georgia",2.54945048578384,2.83829659501057,-0.0538083811384576,-0.105507560151447,2.67898065372066,"cerasiforme","SLC"
"BGV014522","Valencia",2.54945048578384,2.83829659501057,0.0736763981025623,0.0821177806382319,2.99409077375136,"cerasiforme","SLC"
"BGV015380","Antalya",2.54945048578384,0.75139369914913,0.138301725037179,0.0159482583829299,0.905643682569239,"pimpinellipolium","SP"
"BGV015380","Florida",2.54945048578384,0.75139369914913,-0.158169742006974,0.0551036927982158,0.648327649940372,"pimpinellipolium","SP"
"BGV015380","Georgia",2.54945048578384,0.75139369914913,-0.0538083811384576,0.0823513364577671,0.77993665446844,"pimpinellipolium","SP"
"BGV015380","Valencia",2.54945048578384,0.75139369914913,0.0736763981025623,-0.153403287638915,0.671666809612778,"pimpinellipolium","SP"
"BGV015382","Antalya",2.54945048578384,0.973953713808121,0.138301725037179,-0.0319761589434124,1.08027927990189,"pimpinellipolium","SP"
"BGV015382","Florida",2.54945048578384,0.973953713808121,-0.158169742006974,0.075113903363007,0.890897875164154,"pimpinellipolium","SP"
"BGV015382","Georgia",2.54945048578384,0.973953713808121,-0.0538083811384576,-0.00396056880152186,0.916184763868142,"pimpinellipolium","SP"
"BGV015382","Valencia",2.54945048578384,0.973953713808121,0.0736763981025623,-0.0391771756180751,1.00845293629261,"pimpinellipolium","SP"
"BGV015726","Antalya",2.54945048578384,2.84512637193815,0.138301725037179,0.00455637899623113,2.98798447597156,"cerasiforme","SLC"
"BGV015726","Florida",2.54945048578384,2.84512637193815,-0.158169742006974,0.0151367788330663,2.70209340876424,"cerasiforme","SLC"
"BGV015726","Georgia",2.54945048578384,2.84512637193815,-0.0538083811384576,0.00952943868879942,2.80084742948849,"cerasiforme","SLC"
"BGV015726","Valencia",2.54945048578384,2.84512637193815,0.0736763981025623,-0.0292225965180999,2.88958017352261,"cerasiforme","SLC"
"BGV015727","Antalya",2.54945048578384,2.58595808159576,0.138301725037179,0.033166610103333,2.75742641673627,"cerasiforme","SLC"
"BGV015727","Florida",2.54945048578384,2.58595808159576,-0.158169742006974,0.00347909449177365,2.43126743408056,"cerasiforme","SLC"
"BGV015727","Georgia",2.54945048578384,2.58595808159576,-0.0538083811384576,0.100228769084449,2.63237846954175,"cerasiforme","SLC"
"BGV015727","Valencia",2.54945048578384,2.58595808159576,0.0736763981025623,-0.136874473679557,2.52276000601876,"cerasiforme","SLC"
"BGV015730","Antalya",2.54945048578384,2.56701348982115,0.138301725037179,0.10764443162171,2.81295964648004,"cerasiforme","SLC"
"BGV015730","Florida",2.54945048578384,2.56701348982115,-0.158169742006974,-0.0413445454665548,2.36749920234762,"cerasiforme","SLC"
"BGV015730","Georgia",2.54945048578384,2.56701348982115,-0.0538083811384576,-0.00373877630957299,2.50946633237312,"cerasiforme","SLC"
"BGV015730","Valencia",2.54945048578384,2.56701348982115,0.0736763981025623,-0.0625611098455852,2.57812877807813,"cerasiforme","SLC"
"BGV015734","Antalya",2.54945048578384,3.85812532118164,0.138301725037179,0.0761936072904248,4.07262065350925,"cerasiforme","SLC"
"BGV015734","Florida",2.54945048578384,3.85812532118164,-0.158169742006974,-0.0606310434490829,3.63932453572559,"cerasiforme","SLC"
"BGV015734","Georgia",2.54945048578384,3.85812532118164,-0.0538083811384576,0.140175925509984,3.94449286555317,"cerasiforme","SLC"
"BGV015734","Valencia",2.54945048578384,3.85812532118164,0.0736763981025623,-0.155738489351324,3.77606322993288,"cerasiforme","SLC"
"BGV016047","Antalya",2.54945048578384,0.577397892515324,0.138301725037179,0.0276635318287833,0.743363149381286,"cerasiforme","SLC"
"BGV016047","Valencia",2.54945048578384,0.577397892515324,0.0736763981025623,-0.0276635318287851,0.623410758789101,"cerasiforme","SLC"
"CATIE-11106/1","Florida",2.54945048578384,1.47703001328003,-0.158169742006974,-0.0241228083059597,1.2947374629671,NA,NA
"CATIE-11106/1","Georgia",2.54945048578384,1.47703001328003,-0.0538083811384576,0.0241228083059589,1.44734444044753,NA,NA
"LA0767","Antalya",2.54945048578384,4.23076384549771,0.138301725037179,0.119185249635232,4.48825082017012,"lycopersicum","SLL"
"LA0767","Florida",2.54945048578384,4.23076384549771,-0.158169742006974,-0.0378272489034187,4.03476685458731,"lycopersicum","SLL"
"LA0767","Georgia",2.54945048578384,4.23076384549771,-0.0538083811384576,-0.0813580007318143,4.09559746362743,"lycopersicum","SLL"
"LA1712","Antalya",2.54945048578384,1.65929915864082,0.138301725037179,-0.0109842653913844,1.78661661828661,"cerasiforme","SLC"
"LA1712","Florida",2.54945048578384,1.65929915864082,-0.158169742006974,-0.0183796414103887,1.48274977522345,"cerasiforme","SLC"
"LA1712","Georgia",2.54945048578384,1.65929915864082,-0.0538083811384576,-0.021216411283748,1.58427436621861,"cerasiforme","SLC"
"LA1712","Valencia",2.54945048578384,1.65929915864082,0.0736763981025623,0.0505803180855203,1.7835558748289,"cerasiforme","SLC"
"LA2309","Antalya",2.54945048578384,2.89776110623585,0.138301725037179,0.0575055475686126,3.09356837884165,"cerasiforme","SLC"
"LA2309","Florida",2.54945048578384,2.89776110623585,-0.158169742006974,-0.0438511285983348,2.69574023563055,"cerasiforme","SLC"
"LA2309","Georgia",2.54945048578384,2.89776110623585,-0.0538083811384576,0.0111993563339699,2.85515208143137,"cerasiforme","SLC"
"LA2309","Valencia",2.54945048578384,2.89776110623585,0.0736763981025623,-0.0248537753042489,2.94658372903417,"cerasiforme","SLC"
"LA2697","Florida",2.54945048578384,1.62102845303003,-0.158169742006974,0.077945638553018,1.54080434957607,NA,NA
"LA2697","Georgia",2.54945048578384,1.62102845303003,-0.0538083811384576,-0.0779456385530185,1.48927443333855,NA,NA
"PAS014479","Florida",2.54945048578384,0.88118660703003,-0.158169742006974,-0.00251753364046344,0.720499331382592,NA,NA
"PAS014479","Georgia",2.54945048578384,0.88118660703003,-0.0538083811384576,0.00251753364046235,0.829895759532035,NA,NA
"PI129026","Antalya",2.54945048578384,4.18866851974481,0.138301725037179,-0.0654988172043168,4.26147142757768,"cerasiforme","SLC"
"PI129026","Florida",2.54945048578384,4.18866851974481,-0.158169742006974,0.07373183510125,4.10423061283909,"cerasiforme","SLC"
"PI129026","Georgia",2.54945048578384,4.18866851974481,-0.0538083811384576,0.0265624356744575,4.16142257428081,"cerasiforme","SLC"
"PI129026","Valencia",2.54945048578384,4.18866851974481,0.0736763981025623,-0.0347954535713957,4.22754946427598,"cerasiforme","SLC"
"PI129033","Antalya",2.54945048578384,4.17198151844979,0.138301725037179,0.058009270575266,4.36829251406224,"cerasiforme","SLC"
"PI129033","Florida",2.54945048578384,4.17198151844979,-0.158169742006974,-0.146624971239285,3.86718680520353,"cerasiforme","SLC"
"PI129033","Georgia",2.54945048578384,4.17198151844979,-0.0538083811384576,0.0531714986913113,4.17134463600264,"cerasiforme","SLC"
"PI129033","Valencia",2.54945048578384,4.17198151844979,0.0736763981025623,0.0354442019727019,4.28110211852506,"cerasiforme","SLC"
"PI129088","Antalya",2.54945048578384,3.14776386996618,0.138301725037179,-0.0147173313296039,3.27134826367375,"cerasiforme","SLC"
"PI129088","Florida",2.54945048578384,3.14776386996618,-0.158169742006974,0.128675642402614,3.11826977036182,"cerasiforme","SLC"
"PI129088","Georgia",2.54945048578384,3.14776386996618,-0.0538083811384576,-0.182955011048904,2.91100047777881,"cerasiforme","SLC"
"PI129088","Valencia",2.54945048578384,3.14776386996618,0.0736763981025623,0.0689966999758924,3.29043696804463,"cerasiforme","SLC"
"PI378994","Florida",2.54945048578384,1.70283542003003,-0.158169742006974,0.00519154602024913,1.5498572240433,NA,NA
"PI378994","Georgia",2.54945048578384,1.70283542003003,-0.0538083811384576,-0.00519154602024961,1.64383549287132,NA,NA
"PI406890","Antalya",2.54945048578384,1.78072201767309,0.138301725037179,0.11995411887582,2.03897786158609,"cerasiforme","SLC"
"PI406890","Florida",2.54945048578384,1.78072201767309,-0.158169742006974,-0.0624880255602742,1.56006425010585,"cerasiforme","SLC"
"PI406890","Georgia",2.54945048578384,1.78072201767309,-0.0538083811384576,0.153065912672469,1.87997954920711,"cerasiforme","SLC"
"PI406890","Valencia",2.54945048578384,1.78072201767309,0.0736763981025623,-0.210532005988017,1.64386640978764,"cerasiforme","SLC"
"PI487625","Antalya",2.54945048578384,3.04593766580852,0.138301725037179,-0.181828824904028,3.00241056594167,"cerasiforme","SLC"
"PI487625","Florida",2.54945048578384,3.04593766580852,-0.158169742006974,-0.00144430289685512,2.88632362090469,"cerasiforme","SLC"
"PI487625","Georgia",2.54945048578384,3.04593766580852,-0.0538083811384576,0.0478390351964734,3.03996831986654,"cerasiforme","SLC"
"PI487625","Valencia",2.54945048578384,3.04593766580852,0.0736763981025623,0.135434092604409,3.25504815651549,"cerasiforme","SLC"
"Tegucigalpa","Antalya",2.54945048578384,3.26095664874832,0.138301725037179,0.00426328888832344,3.40352166267383,"lycopersicum","SLL"
"Tegucigalpa","Florida",2.54945048578384,3.26095664874832,-0.158169742006974,-0.0166706677942642,3.08611623894708,"lycopersicum","SLL"
"Tegucigalpa","Georgia",2.54945048578384,3.26095664874832,-0.0538083811384576,0.0124073789059395,3.21955564651581,"lycopersicum","SLL"
"Voyage","Antalya",2.54945048578384,4.42175969055331,0.138301725037179,-0.0246914690867393,4.53536994650375,"lycopersicum","SLL"
"Voyage","Florida",2.54945048578384,4.42175969055331,-0.158169742006974,0.0519523393181995,4.31554228786454,"lycopersicum","SLL"
"Voyage","Georgia",2.54945048578384,4.42175969055331,-0.0538083811384576,-0.027260870231464,4.34069043918339,"lycopersicum","SLL"
